figure_id,italian,chinese,category,image,source_name,source_url,license_note,copyright_status,review_status,note
s1,strada deformata o dissestata,路面变形或损坏,交通标志与图形 - 危险标志,https://www.rmastri.it/42/immagini/s1.gif,rmastri.it,https://www.rmastri.it/42/immagini/s1.gif,external image link; needs manual verification before commercial use,unverified_external_link,imported_from_words,图形编号 s1；来源：WEBpatente definiz.js
s2,dosso,凸起路面 / 坡顶,交通标志与图形 - 危险标志,https://www.rmastri.it/42/immagini/s2.gif,rmastri.it,https://www.rmastri.it/42/immagini/s2.gif,external image link; needs manual verification before commercial use,unverified_external_link,imported_from_words,图形编号 s2；来源：WEBpatente definiz.js
s3,cunetta,凹陷路面 / 路面下凹,交通标志与图形 - 危险标志,https://www.rmastri.it/42/immagini/s3.gif,rmastri.it,https://www.rmastri.it/42/immagini/s3.gif,external image link; needs manual verification before commercial use,unverified_external_link,imported_from_words,图形编号 s3；来源：WEBpatente definiz.js
s4,curva a destra,右弯,交通标志与图形 - 危险标志,https://www.rmastri.it/42/immagini/s4.gif,rmastri.it,https://www.rmastri.it/42/immagini/s4.gif,external image link; needs manual verification before commercial use,unverified_external_link,imported_from_words,图形编号 s4；来源：WEBpatente definiz.js
s5,curva a sinistra,左弯,交通标志与图形 - 危险标志,https://www.rmastri.it/42/immagini/s5.gif,rmastri.it,https://www.rmastri.it/42/immagini/s5.gif,external image link; needs manual verification before commercial use,unverified_external_link,imported_from_words,图形编号 s5；来源：WEBpatente definiz.js
s6,"doppia curva, la prima a destra",连续弯道，第一个向右,交通标志与图形 - 危险标志,https://www.rmastri.it/42/immagini/s6.gif,rmastri.it,https://www.rmastri.it/42/immagini/s6.gif,external image link; needs manual verification before commercial use,unverified_external_link,imported_from_words,图形编号 s6；来源：WEBpatente definiz.js
s7,"doppia curva, la prima a sinistra",连续弯道，第一个向左,交通标志与图形 - 危险标志,https://www.rmastri.it/42/immagini/s7.gif,rmastri.it,https://www.rmastri.it/42/immagini/s7.gif,external image link; needs manual verification before commercial use,unverified_external_link,imported_from_words,图形编号 s7；来源：WEBpatente definiz.js
s8,passaggio a livello con barriere o semibarriere,有栏杆或半栏杆的铁路平交道口,交通标志与图形 - 危险标志,https://www.rmastri.it/42/immagini/s8.gif,rmastri.it,https://www.rmastri.it/42/immagini/s8.gif,external image link; needs manual verification before commercial use,unverified_external_link,imported_from_words,图形编号 s8；来源：WEBpatente definiz.js
s9,passaggio a livello senza barriere,无栏杆铁路平交道口,交通标志与图形 - 危险标志,https://www.rmastri.it/42/immagini/s9.gif,rmastri.it,https://www.rmastri.it/42/immagini/s9.gif,external image link; needs manual verification before commercial use,unverified_external_link,imported_from_words,图形编号 s9；来源：WEBpatente definiz.js
s10,croce di s. andrea,圣安德烈十字标志,交通标志与图形 - 危险标志,https://www.rmastri.it/42/immagini/s10.gif,rmastri.it,https://www.rmastri.it/42/immagini/s10.gif,external image link; needs manual verification before commercial use,unverified_external_link,imported_from_words,图形编号 s10；来源：WEBpatente definiz.js
s11,doppia croce di s. andrea,双圣安德烈十字标志,交通标志与图形 - 危险标志,https://www.rmastri.it/42/immagini/s11.gif,rmastri.it,https://www.rmastri.it/42/immagini/s11.gif,external image link; needs manual verification before commercial use,unverified_external_link,imported_from_words,图形编号 s11；来源：WEBpatente definiz.js
s13,pannelli distanziometrici,距离提示板,交通标志与图形 - 危险标志,https://www.rmastri.it/42/immagini/s13.gif,rmastri.it,https://www.rmastri.it/42/immagini/s13.gif,external image link; needs manual verification before commercial use,unverified_external_link,imported_from_words,图形编号 s13；来源：WEBpatente definiz.js
s14,attraversamento tranviario,有轨电车横穿,交通标志与图形 - 危险标志,https://www.rmastri.it/42/immagini/s14.gif,rmastri.it,https://www.rmastri.it/42/immagini/s14.gif,external image link; needs manual verification before commercial use,unverified_external_link,imported_from_words,图形编号 s14；来源：WEBpatente definiz.js
s15,attraversamento pedonale,人行横道,交通标志与图形 - 危险标志,https://www.rmastri.it/42/immagini/s15.gif,rmastri.it,https://www.rmastri.it/42/immagini/s15.gif,external image link; needs manual verification before commercial use,unverified_external_link,imported_from_words,图形编号 s15；来源：WEBpatente definiz.js
s16,attraversamento ciclabile,自行车横道,交通标志与图形 - 危险标志,https://www.rmastri.it/42/immagini/s16.gif,rmastri.it,https://www.rmastri.it/42/immagini/s16.gif,external image link; needs manual verification before commercial use,unverified_external_link,imported_from_words,图形编号 s16；来源：WEBpatente definiz.js
s17,discesa pericolosa con pendenza del 10 %,10% 危险下坡,交通标志与图形 - 危险标志,https://www.rmastri.it/42/immagini/s17.gif,rmastri.it,https://www.rmastri.it/42/immagini/s17.gif,external image link; needs manual verification before commercial use,unverified_external_link,imported_from_words,图形编号 s17；来源：WEBpatente definiz.js
s18,salita ripida con pendenza del 10 %,10% 陡上坡,交通标志与图形 - 危险标志,https://www.rmastri.it/42/immagini/s18.gif,rmastri.it,https://www.rmastri.it/42/immagini/s18.gif,external image link; needs manual verification before commercial use,unverified_external_link,imported_from_words,图形编号 s18；来源：WEBpatente definiz.js
s19,strettoia simmetrica,道路两侧变窄,交通标志与图形 - 危险标志,https://www.rmastri.it/42/immagini/s19.gif,rmastri.it,https://www.rmastri.it/42/immagini/s19.gif,external image link; needs manual verification before commercial use,unverified_external_link,imported_from_words,图形编号 s19；来源：WEBpatente definiz.js
s20,strettoia asimmetrica a sinistra,左侧道路变窄,交通标志与图形 - 危险标志,https://www.rmastri.it/42/immagini/s20.gif,rmastri.it,https://www.rmastri.it/42/immagini/s20.gif,external image link; needs manual verification before commercial use,unverified_external_link,imported_from_words,图形编号 s20；来源：WEBpatente definiz.js
s21,strettoia asimmetrica a destra,右侧道路变窄,交通标志与图形 - 危险标志,https://www.rmastri.it/42/immagini/s21.gif,rmastri.it,https://www.rmastri.it/42/immagini/s21.gif,external image link; needs manual verification before commercial use,unverified_external_link,imported_from_words,图形编号 s21；来源：WEBpatente definiz.js
s22,ponte mobile,活动桥,交通标志与图形 - 危险标志,https://www.rmastri.it/42/immagini/s22.gif,rmastri.it,https://www.rmastri.it/42/immagini/s22.gif,external image link; needs manual verification before commercial use,unverified_external_link,imported_from_words,图形编号 s22；来源：WEBpatente definiz.js
s23,banchina cedevole o non praticabile,路肩松软或不可通行,交通标志与图形 - 危险标志,https://www.rmastri.it/42/immagini/s23.gif,rmastri.it,https://www.rmastri.it/42/immagini/s23.gif,external image link; needs manual verification before commercial use,unverified_external_link,imported_from_words,图形编号 s23；来源：WEBpatente definiz.js
s24,strada sdrucciolevole,路面湿滑,交通标志与图形 - 危险标志,https://www.rmastri.it/42/immagini/s24.gif,rmastri.it,https://www.rmastri.it/42/immagini/s24.gif,external image link; needs manual verification before commercial use,unverified_external_link,imported_from_words,图形编号 s24；来源：WEBpatente definiz.js
s25,attenzione ai bambini,注意儿童,交通标志与图形 - 危险标志,https://www.rmastri.it/42/immagini/s25.gif,rmastri.it,https://www.rmastri.it/42/immagini/s25.gif,external image link; needs manual verification before commercial use,unverified_external_link,imported_from_words,图形编号 s25；来源：WEBpatente definiz.js
s26,attenzione agli animali domestici,注意家畜,交通标志与图形 - 危险标志,https://www.rmastri.it/42/immagini/s26.gif,rmastri.it,https://www.rmastri.it/42/immagini/s26.gif,external image link; needs manual verification before commercial use,unverified_external_link,imported_from_words,图形编号 s26；来源：WEBpatente definiz.js
s27,attenzione agli animali selvatici,注意野生动物,交通标志与图形 - 危险标志,https://www.rmastri.it/42/immagini/s27.gif,rmastri.it,https://www.rmastri.it/42/immagini/s27.gif,external image link; needs manual verification before commercial use,unverified_external_link,imported_from_words,图形编号 s27；来源：WEBpatente definiz.js
s28,doppio senso di circolazione,双向通行,交通标志与图形 - 危险标志,https://www.rmastri.it/42/immagini/s28.gif,rmastri.it,https://www.rmastri.it/42/immagini/s28.gif,external image link; needs manual verification before commercial use,unverified_external_link,imported_from_words,图形编号 s28；来源：WEBpatente definiz.js
s29,preavviso di circolazione rotatoria,前方环岛预告,交通标志与图形 - 危险标志,https://www.rmastri.it/42/immagini/s29.gif,rmastri.it,https://www.rmastri.it/42/immagini/s29.gif,external image link; needs manual verification before commercial use,unverified_external_link,imported_from_words,图形编号 s29；来源：WEBpatente definiz.js
s30,sbocco su molo o su argine,道路通向码头或堤岸,交通标志与图形 - 危险标志,https://www.rmastri.it/42/immagini/s30.gif,rmastri.it,https://www.rmastri.it/42/immagini/s30.gif,external image link; needs manual verification before commercial use,unverified_external_link,imported_from_words,图形编号 s30；来源：WEBpatente definiz.js
s31,materiale instabile sulla strada,路面有不稳定物料,交通标志与图形 - 危险标志,https://www.rmastri.it/42/immagini/s31.gif,rmastri.it,https://www.rmastri.it/42/immagini/s31.gif,external image link; needs manual verification before commercial use,unverified_external_link,imported_from_words,图形编号 s31；来源：WEBpatente definiz.js
s32,caduta massi da sinistra,左侧落石,交通标志与图形 - 危险标志,https://www.rmastri.it/42/immagini/s32.gif,rmastri.it,https://www.rmastri.it/42/immagini/s32.gif,external image link; needs manual verification before commercial use,unverified_external_link,imported_from_words,图形编号 s32；来源：WEBpatente definiz.js
s33,caduta massi da destra,右侧落石,交通标志与图形 - 危险标志,https://www.rmastri.it/42/immagini/s33.gif,rmastri.it,https://www.rmastri.it/42/immagini/s33.gif,external image link; needs manual verification before commercial use,unverified_external_link,imported_from_words,图形编号 s33；来源：WEBpatente definiz.js
s34,preavviso di semaforo verticale,前方竖向交通灯预告,交通标志与图形 - 危险标志,https://www.rmastri.it/42/immagini/s34.gif,rmastri.it,https://www.rmastri.it/42/immagini/s34.gif,external image link; needs manual verification before commercial use,unverified_external_link,imported_from_words,图形编号 s34；来源：WEBpatente definiz.js
s35,preavviso di semaforo orizzontale,前方横向交通灯预告,交通标志与图形 - 危险标志,https://www.rmastri.it/42/immagini/s35.gif,rmastri.it,https://www.rmastri.it/42/immagini/s35.gif,external image link; needs manual verification before commercial use,unverified_external_link,imported_from_words,图形编号 s35；来源：WEBpatente definiz.js
s36,aeromobili a bassa quota,低空飞行器,交通标志与图形 - 危险标志,https://www.rmastri.it/42/immagini/s36.gif,rmastri.it,https://www.rmastri.it/42/immagini/s36.gif,external image link; needs manual verification before commercial use,unverified_external_link,imported_from_words,图形编号 s36；来源：WEBpatente definiz.js
s37,forte vento laterale,强侧风,交通标志与图形 - 危险标志,https://www.rmastri.it/42/immagini/s37.gif,rmastri.it,https://www.rmastri.it/42/immagini/s37.gif,external image link; needs manual verification before commercial use,unverified_external_link,imported_from_words,图形编号 s37；来源：WEBpatente definiz.js
s38,pericolo di incendio,火灾危险,交通标志与图形 - 危险标志,https://www.rmastri.it/42/immagini/s38.gif,rmastri.it,https://www.rmastri.it/42/immagini/s38.gif,external image link; needs manual verification before commercial use,unverified_external_link,imported_from_words,图形编号 s38；来源：WEBpatente definiz.js
s39,altri pericoli,其他危险,交通标志与图形 - 危险标志,https://www.rmastri.it/42/immagini/s39.gif,rmastri.it,https://www.rmastri.it/42/immagini/s39.gif,external image link; needs manual verification before commercial use,unverified_external_link,imported_from_words,图形编号 s39；来源：WEBpatente definiz.js
s40,dare precedenza,让行,交通标志与图形 - 优先权标志,https://www.rmastri.it/42/immagini/s40.gif,rmastri.it,https://www.rmastri.it/42/immagini/s40.gif,external image link; needs manual verification before commercial use,unverified_external_link,imported_from_words,图形编号 s40；来源：WEBpatente definiz.js
s41,fermarsi e dare precedenza (stop),停车并让行。,交通标志与图形 - 优先权标志,https://www.rmastri.it/42/immagini/s41.gif,rmastri.it,https://www.rmastri.it/42/immagini/s41.gif,external image link; needs manual verification before commercial use,unverified_external_link,imported_from_words,图形编号 s41；来源：WEBpatente definiz.js
s42,preavviso di dare precedenza,让行预告,交通标志与图形 - 优先权标志,https://www.rmastri.it/42/immagini/s42.gif,rmastri.it,https://www.rmastri.it/42/immagini/s42.gif,external image link; needs manual verification before commercial use,unverified_external_link,imported_from_words,图形编号 s42；来源：WEBpatente definiz.js
s43,preavviso di fermarsi e dare precedenza (stop),停车让行预告。,交通标志与图形 - 优先权标志,https://www.rmastri.it/42/immagini/s43.gif,rmastri.it,https://www.rmastri.it/42/immagini/s43.gif,external image link; needs manual verification before commercial use,unverified_external_link,imported_from_words,图形编号 s43；来源：WEBpatente definiz.js
s44,intersezione con precedenza a destra,路口右侧来车优先,交通标志与图形 - 优先权标志,https://www.rmastri.it/42/immagini/s44.gif,rmastri.it,https://www.rmastri.it/42/immagini/s44.gif,external image link; needs manual verification before commercial use,unverified_external_link,imported_from_words,图形编号 s44；来源：WEBpatente definiz.js
s45,dare precedenza nei sensi unici alternati,交替单行路段让对向车先行,交通标志与图形 - 优先权标志,https://www.rmastri.it/42/immagini/s45.gif,rmastri.it,https://www.rmastri.it/42/immagini/s45.gif,external image link; needs manual verification before commercial use,unverified_external_link,imported_from_words,图形编号 s45；来源：WEBpatente definiz.js
s46,fine del diritto di precedenza,优先通行权结束,交通标志与图形 - 优先权标志,https://www.rmastri.it/42/immagini/s46.gif,rmastri.it,https://www.rmastri.it/42/immagini/s46.gif,external image link; needs manual verification before commercial use,unverified_external_link,imported_from_words,图形编号 s46；来源：WEBpatente definiz.js
s47,intersezione con diritto di precedenza,有优先权的交叉路口,交通标志与图形 - 优先权标志,https://www.rmastri.it/42/immagini/s47.gif,rmastri.it,https://www.rmastri.it/42/immagini/s47.gif,external image link; needs manual verification before commercial use,unverified_external_link,imported_from_words,图形编号 s47；来源：WEBpatente definiz.js
s48,intersezione a “t” con diritto di precedenza a destra,T 字路口，右侧来车享有优先通行权,交通标志与图形 - 优先权标志,https://www.rmastri.it/42/immagini/s48.gif,rmastri.it,https://www.rmastri.it/42/immagini/s48.gif,external image link; needs manual verification before commercial use,unverified_external_link,imported_from_words,图形编号 s48；来源：WEBpatente definiz.js
s49,intersezione a “t” con diritto di precedenza a sinistra,T 字路口，左侧来车享有优先通行权,交通标志与图形 - 优先权标志,https://www.rmastri.it/42/immagini/s49.gif,rmastri.it,https://www.rmastri.it/42/immagini/s49.gif,external image link; needs manual verification before commercial use,unverified_external_link,imported_from_words,图形编号 s49；来源：WEBpatente definiz.js
s50,confluenza a destra,右侧汇入,交通标志与图形 - 优先权标志,https://www.rmastri.it/42/immagini/s50.gif,rmastri.it,https://www.rmastri.it/42/immagini/s50.gif,external image link; needs manual verification before commercial use,unverified_external_link,imported_from_words,图形编号 s50；来源：WEBpatente definiz.js
s51,confluenza a sinistra,左侧汇入,交通标志与图形 - 优先权标志,https://www.rmastri.it/42/immagini/s51.gif,rmastri.it,https://www.rmastri.it/42/immagini/s51.gif,external image link; needs manual verification before commercial use,unverified_external_link,imported_from_words,图形编号 s51；来源：WEBpatente definiz.js
s52,diritto di precedenza,优先通行权,交通标志与图形 - 优先权标志,https://www.rmastri.it/42/immagini/s52.gif,rmastri.it,https://www.rmastri.it/42/immagini/s52.gif,external image link; needs manual verification before commercial use,unverified_external_link,imported_from_words,图形编号 s52；来源：WEBpatente definiz.js
s53,diritto di precedenza nei sensi unici alternati,交替单行路段优先通行权,交通标志与图形 - 优先权标志,https://www.rmastri.it/42/immagini/s53.gif,rmastri.it,https://www.rmastri.it/42/immagini/s53.gif,external image link; needs manual verification before commercial use,unverified_external_link,imported_from_words,图形编号 s53；来源：WEBpatente definiz.js
s54,divieto di transito da ambo i lati,双向禁止通行,交通标志与图形 - 禁止标志,https://www.rmastri.it/42/immagini/s54.gif,rmastri.it,https://www.rmastri.it/42/immagini/s54.gif,external image link; needs manual verification before commercial use,unverified_external_link,imported_from_words,图形编号 s54；来源：WEBpatente definiz.js
s55,senso vietato,禁止驶入,交通标志与图形 - 禁止标志,https://www.rmastri.it/42/immagini/s55.gif,rmastri.it,https://www.rmastri.it/42/immagini/s55.gif,external image link; needs manual verification before commercial use,unverified_external_link,imported_from_words,图形编号 s55；来源：WEBpatente definiz.js
s56,divieto di sorpasso: si possono sorpassare solo i veicoli senza motore e quelli a motore con due ruote,禁止超车：只允许超越无发动机车辆和两轮机动车,交通标志与图形 - 禁止标志,https://www.rmastri.it/42/immagini/s56.gif,rmastri.it,https://www.rmastri.it/42/immagini/s56.gif,external image link; needs manual verification before commercial use,unverified_external_link,imported_from_words,图形编号 s56；来源：WEBpatente definiz.js
s57,distanziamento minimo obbligatorio di 70 metri dal veicolo che precede,强制最小车距70米。,交通标志与图形 - 禁止标志,https://www.rmastri.it/42/immagini/s57.gif,rmastri.it,https://www.rmastri.it/42/immagini/s57.gif,external image link; needs manual verification before commercial use,unverified_external_link,imported_from_words,图形编号 s57；来源：WEBpatente definiz.js
s58,limite massimo di velocità di 80 km/h,最高限速 80 km/h。,交通标志与图形 - 禁止标志,https://www.rmastri.it/42/immagini/s58.gif,rmastri.it,https://www.rmastri.it/42/immagini/s58.gif,external image link; needs manual verification before commercial use,unverified_external_link,imported_from_words,图形编号 s58；来源：WEBpatente definiz.js
s59,divieto di segnalazioni acustiche,禁止鸣笛,交通标志与图形 - 禁止标志,https://www.rmastri.it/42/immagini/s59.gif,rmastri.it,https://www.rmastri.it/42/immagini/s59.gif,external image link; needs manual verification before commercial use,unverified_external_link,imported_from_words,图形编号 s59；来源：WEBpatente definiz.js
s60,"divieto di sorpasso per veicoli destinati al trasporto di merci (autocarri, autotreni) che superano 3,5 t.",禁止超过3.5吨的货运车辆超车。,交通标志与图形 - 禁止标志,https://www.rmastri.it/42/immagini/s60.gif,rmastri.it,https://www.rmastri.it/42/immagini/s60.gif,external image link; needs manual verification before commercial use,unverified_external_link,imported_from_words,图形编号 s60；来源：WEBpatente definiz.js
s61,divieto di transito ai veicoli a trazione animale,禁止畜力车辆通行。,交通标志与图形 - 禁止标志,https://www.rmastri.it/42/immagini/s61.gif,rmastri.it,https://www.rmastri.it/42/immagini/s61.gif,external image link; needs manual verification before commercial use,unverified_external_link,imported_from_words,图形编号 s61；来源：WEBpatente definiz.js
s62,divieto di transito ai pedoni,禁止行人通行,交通标志与图形 - 禁止标志,https://www.rmastri.it/42/immagini/s62.gif,rmastri.it,https://www.rmastri.it/42/immagini/s62.gif,external image link; needs manual verification before commercial use,unverified_external_link,imported_from_words,图形编号 s62；来源：WEBpatente definiz.js
s63,divieto di transito ai velocipedi (biciclette),禁止自行车通行。,交通标志与图形 - 禁止标志,https://www.rmastri.it/42/immagini/s63.gif,rmastri.it,https://www.rmastri.it/42/immagini/s63.gif,external image link; needs manual verification before commercial use,unverified_external_link,imported_from_words,图形编号 s63；来源：WEBpatente definiz.js
s64,divieto di transito ai motocicli,禁止摩托车通行,交通标志与图形 - 禁止标志,https://www.rmastri.it/42/immagini/s64.gif,rmastri.it,https://www.rmastri.it/42/immagini/s64.gif,external image link; needs manual verification before commercial use,unverified_external_link,imported_from_words,图形编号 s64；来源：WEBpatente definiz.js
s65,divieto di transito ai veicoli a braccia,禁止人力车辆通行,交通标志与图形 - 禁止标志,https://www.rmastri.it/42/immagini/s65.gif,rmastri.it,https://www.rmastri.it/42/immagini/s65.gif,external image link; needs manual verification before commercial use,unverified_external_link,imported_from_words,图形编号 s65；来源：WEBpatente definiz.js
s66,divieto di transito a tutti gli autoveicoli e ai motoveicoli con tre o più ruote,禁止所有汽车和三轮及以上机动车通行。,交通标志与图形 - 禁止标志,https://www.rmastri.it/42/immagini/s66.gif,rmastri.it,https://www.rmastri.it/42/immagini/s66.gif,external image link; needs manual verification before commercial use,unverified_external_link,needs_review,图形编号 s66；来源：WEBpatente definiz.js；需人工校对；review_flags: manual_check
s67,divieto di transito agli autobus,禁止公交车通行。,交通标志与图形 - 禁止标志,https://www.rmastri.it/42/immagini/s67.gif,rmastri.it,https://www.rmastri.it/42/immagini/s67.gif,external image link; needs manual verification before commercial use,unverified_external_link,imported_from_words,图形编号 s67；来源：WEBpatente definiz.js
s68,"divieto di transito ai veicoli destinati al trasporto di merci (autocarri, autotreni) che superano 3,5 t.",禁止超过3.5吨的货运车辆通行。,交通标志与图形 - 禁止标志,https://www.rmastri.it/42/immagini/s68.gif,rmastri.it,https://www.rmastri.it/42/immagini/s68.gif,external image link; needs manual verification before commercial use,unverified_external_link,imported_from_words,图形编号 s68；来源：WEBpatente definiz.js
s69,"divieto di transito ai veicoli destinati al trasporto di merci (autocarri, autotreni) che superano 6,5 t.",禁止超过6.5吨的货运车辆通行。,交通标志与图形 - 禁止标志,https://www.rmastri.it/42/immagini/s69.gif,rmastri.it,https://www.rmastri.it/42/immagini/s69.gif,external image link; needs manual verification before commercial use,unverified_external_link,imported_from_words,图形编号 s69；来源：WEBpatente definiz.js
s70,divieto di transito ai veicoli a motore trainanti un rimorchio,禁止牵引挂车的机动车通行。,交通标志与图形 - 禁止标志,https://www.rmastri.it/42/immagini/s70.gif,rmastri.it,https://www.rmastri.it/42/immagini/s70.gif,external image link; needs manual verification before commercial use,unverified_external_link,imported_from_words,图形编号 s70；来源：WEBpatente definiz.js
s71,divieto di transito alle macchine agricole,禁止农业机械通行。,交通标志与图形 - 禁止标志,https://www.rmastri.it/42/immagini/s71.gif,rmastri.it,https://www.rmastri.it/42/immagini/s71.gif,external image link; needs manual verification before commercial use,unverified_external_link,imported_from_words,图形编号 s71；来源：WEBpatente definiz.js
s72,divieto di transito ai veicoli che trasportano merci pericolose,禁止运输危险货物的车辆通行。,交通标志与图形 - 禁止标志,https://www.rmastri.it/42/immagini/s72.gif,rmastri.it,https://www.rmastri.it/42/immagini/s72.gif,external image link; needs manual verification before commercial use,unverified_external_link,imported_from_words,图形编号 s72；来源：WEBpatente definiz.js
s73,divieto di transito ai veicoli che trasportano esplosivi o prodotti facilmente infiammabili,禁止运输爆炸物或易燃物品的车辆通行。,交通标志与图形 - 禁止标志,https://www.rmastri.it/42/immagini/s73.gif,rmastri.it,https://www.rmastri.it/42/immagini/s73.gif,external image link; needs manual verification before commercial use,unverified_external_link,imported_from_words,图形编号 s73；来源：WEBpatente definiz.js
s74,divieto di transito ai veicoli che trasportano prodotti suscettibili di contaminare l’acqua,禁止运输可能污染水源物品的车辆通行。,交通标志与图形 - 禁止标志,https://www.rmastri.it/42/immagini/s74.gif,rmastri.it,https://www.rmastri.it/42/immagini/s74.gif,external image link; needs manual verification before commercial use,unverified_external_link,imported_from_words,图形编号 s74；来源：WEBpatente definiz.js
s75,"divieto di transito a tutti i veicoli aventi larghezza superiore a 2,30 metri",禁止宽度超过2.30米的车辆通行。,交通标志与图形 - 禁止标志,https://www.rmastri.it/42/immagini/s75.gif,rmastri.it,https://www.rmastri.it/42/immagini/s75.gif,external image link; needs manual verification before commercial use,unverified_external_link,imported_from_words,图形编号 s75；来源：WEBpatente definiz.js
s76,"divieto di transito a tutti i veicoli aventi altezza superiore a 3,50 metri",禁止高度超过3.50米的车辆通行。,交通标志与图形 - 禁止标志,https://www.rmastri.it/42/immagini/s76.gif,rmastri.it,https://www.rmastri.it/42/immagini/s76.gif,external image link; needs manual verification before commercial use,unverified_external_link,imported_from_words,图形编号 s76；来源：WEBpatente definiz.js
s77,"divieto di transito a tutti i veicoli, o complessi di veicoli, aventi lunghezza superiore a 10 metri",禁止长度超过10米的车辆或车辆组合通行。,交通标志与图形 - 禁止标志,https://www.rmastri.it/42/immagini/s77.gif,rmastri.it,https://www.rmastri.it/42/immagini/s77.gif,external image link; needs manual verification before commercial use,unverified_external_link,imported_from_words,图形编号 s77；来源：WEBpatente definiz.js
s78,divieto di transito a tutti i veicoli aventi una massa complessiva superiore a 7 t.,禁止总质量超过7吨的车辆通行。,交通标志与图形 - 禁止标志,https://www.rmastri.it/42/immagini/s78.gif,rmastri.it,https://www.rmastri.it/42/immagini/s78.gif,external image link; needs manual verification before commercial use,unverified_external_link,imported_from_words,图形编号 s78；来源：WEBpatente definiz.js
s79,"divieto di transito a tutti i veicoli aventi massa per asse superiore a 2,5 t.",禁止轴重超过2.5吨的车辆通行。,交通标志与图形 - 禁止标志,https://www.rmastri.it/42/immagini/s79.gif,rmastri.it,https://www.rmastri.it/42/immagini/s79.gif,external image link; needs manual verification before commercial use,unverified_external_link,imported_from_words,图形编号 s79；来源：WEBpatente definiz.js
s80,via libera o fine di tutte le prescrizioni,通行恢复 / 所有限制结束,交通标志与图形 - 禁止标志,https://www.rmastri.it/42/immagini/s80.gif,rmastri.it,https://www.rmastri.it/42/immagini/s80.gif,external image link; needs manual verification before commercial use,unverified_external_link,imported_from_words,图形编号 s80；来源：WEBpatente definiz.js
s81,fine del limite massimo di velocità di 50 km/h,最高限速 50 km/h 结束。,交通标志与图形 - 禁止标志,https://www.rmastri.it/42/immagini/s81.gif,rmastri.it,https://www.rmastri.it/42/immagini/s81.gif,external image link; needs manual verification before commercial use,unverified_external_link,imported_from_words,图形编号 s81；来源：WEBpatente definiz.js
s82,fine del divieto di sorpasso,禁止超车限制结束,交通标志与图形 - 禁止标志,https://www.rmastri.it/42/immagini/s82.gif,rmastri.it,https://www.rmastri.it/42/immagini/s82.gif,external image link; needs manual verification before commercial use,unverified_external_link,imported_from_words,图形编号 s82；来源：WEBpatente definiz.js
s83,"fine del divieto di sorpasso per veicoli adibiti al trasporto di merci che superano 3,5 t.",解除超过3.5吨货运车辆禁止超车限制。,交通标志与图形 - 禁止标志,https://www.rmastri.it/42/immagini/s83.gif,rmastri.it,https://www.rmastri.it/42/immagini/s83.gif,external image link; needs manual verification before commercial use,unverified_external_link,imported_from_words,图形编号 s83；来源：WEBpatente definiz.js
s84,divieto di sosta,禁止停车,交通标志与图形 - 禁止标志,https://www.rmastri.it/42/immagini/s84.gif,rmastri.it,https://www.rmastri.it/42/immagini/s84.gif,external image link; needs manual verification before commercial use,unverified_external_link,imported_from_words,图形编号 s84；来源：WEBpatente definiz.js
s85,divieto di fermata,禁止临时停车,交通标志与图形 - 禁止标志,https://www.rmastri.it/42/immagini/s85.gif,rmastri.it,https://www.rmastri.it/42/immagini/s85.gif,external image link; needs manual verification before commercial use,unverified_external_link,imported_from_words,图形编号 s85；来源：WEBpatente definiz.js
s86,parcheggio,停车场,交通标志与图形 - 禁止标志,https://www.rmastri.it/42/immagini/s86.gif,rmastri.it,https://www.rmastri.it/42/immagini/s86.gif,external image link; needs manual verification before commercial use,unverified_external_link,imported_from_words,图形编号 s86；来源：WEBpatente definiz.js
s89,preavviso di parcheggio,停车场预告,交通标志与图形 - 禁止标志,https://www.rmastri.it/42/immagini/s89.gif,rmastri.it,https://www.rmastri.it/42/immagini/s89.gif,external image link; needs manual verification before commercial use,unverified_external_link,imported_from_words,图形编号 s89；来源：WEBpatente definiz.js
s90,passo carrabile,车辆出入口,交通标志与图形 - 禁止标志,https://www.rmastri.it/42/immagini/s90.gif,rmastri.it,https://www.rmastri.it/42/immagini/s90.gif,external image link; needs manual verification before commercial use,unverified_external_link,imported_from_words,图形编号 s90；来源：WEBpatente definiz.js
s91,sosta consentita a particolari categorie,允许特定类别车辆停车。,交通标志与图形 - 禁止标志,https://www.rmastri.it/42/immagini/s91.gif,rmastri.it,https://www.rmastri.it/42/immagini/s91.gif,external image link; needs manual verification before commercial use,unverified_external_link,needs_review,图形编号 s91；来源：WEBpatente definiz.js；需人工校对；review_flags: manual_check
s92,regolazione flessibile della sosta in centro abitato,居民区内弹性停车规定。,交通标志与图形 - 禁止标志,https://www.rmastri.it/42/immagini/s92.gif,rmastri.it,https://www.rmastri.it/42/immagini/s92.gif,external image link; needs manual verification before commercial use,unverified_external_link,needs_review,图形编号 s92；来源：WEBpatente definiz.js；需人工校对；review_flags: manual_check
s93,direzione obbligatoria diritto,必须直行,交通标志与图形 - 强制标志,https://www.rmastri.it/42/immagini/s93.gif,rmastri.it,https://www.rmastri.it/42/immagini/s93.gif,external image link; needs manual verification before commercial use,unverified_external_link,imported_from_words,图形编号 s93；来源：WEBpatente definiz.js
s94,direzione obbligatoria a sinistra,必须向左,交通标志与图形 - 强制标志,https://www.rmastri.it/42/immagini/s94.gif,rmastri.it,https://www.rmastri.it/42/immagini/s94.gif,external image link; needs manual verification before commercial use,unverified_external_link,imported_from_words,图形编号 s94；来源：WEBpatente definiz.js
s95,direzione obbligatoria a destra,必须向右,交通标志与图形 - 强制标志,https://www.rmastri.it/42/immagini/s95.gif,rmastri.it,https://www.rmastri.it/42/immagini/s95.gif,external image link; needs manual verification before commercial use,unverified_external_link,imported_from_words,图形编号 s95；来源：WEBpatente definiz.js
s96,preavviso di direzione obbligatoria a destra,强制右转警告,交通标志与图形 - 强制标志,https://www.rmastri.it/42/immagini/s96.gif,rmastri.it,https://www.rmastri.it/42/immagini/s96.gif,external image link; needs manual verification before commercial use,unverified_external_link,imported_from_words,图形编号 s96；来源：WEBpatente definiz.js
s97,preavviso di direzione obbligatoria a sinistra,强制左转警告,交通标志与图形 - 强制标志,https://www.rmastri.it/42/immagini/s97.gif,rmastri.it,https://www.rmastri.it/42/immagini/s97.gif,external image link; needs manual verification before commercial use,unverified_external_link,imported_from_words,图形编号 s97；来源：WEBpatente definiz.js
s98,direzioni consentite destra e sinistra,允许向右或向左,交通标志与图形 - 强制标志,https://www.rmastri.it/42/immagini/s98.gif,rmastri.it,https://www.rmastri.it/42/immagini/s98.gif,external image link; needs manual verification before commercial use,unverified_external_link,imported_from_words,图形编号 s98；来源：WEBpatente definiz.js
s99,direzioni consentite diritto e destra,允许直行或向右,交通标志与图形 - 强制标志,https://www.rmastri.it/42/immagini/s99.gif,rmastri.it,https://www.rmastri.it/42/immagini/s99.gif,external image link; needs manual verification before commercial use,unverified_external_link,imported_from_words,图形编号 s99；来源：WEBpatente definiz.js
s100,direzioni consentite diritto e sinistra,允许直行或向左,交通标志与图形 - 强制标志,https://www.rmastri.it/42/immagini/s100.gif,rmastri.it,https://www.rmastri.it/42/immagini/s100.gif,external image link; needs manual verification before commercial use,unverified_external_link,imported_from_words,图形编号 s100；来源：WEBpatente definiz.js
s101,passaggio obbligatorio a sinistra di un ostacolo,遇到障碍物时必须从左侧通过,交通标志与图形 - 强制标志,https://www.rmastri.it/42/immagini/s101.gif,rmastri.it,https://www.rmastri.it/42/immagini/s101.gif,external image link; needs manual verification before commercial use,unverified_external_link,imported_from_words,图形编号 s101；来源：WEBpatente definiz.js
s102,passaggio obbligatorio a destra di un ostacolo,遇到障碍物时必须从右侧通过,交通标志与图形 - 强制标志,https://www.rmastri.it/42/immagini/s102.gif,rmastri.it,https://www.rmastri.it/42/immagini/s102.gif,external image link; needs manual verification before commercial use,unverified_external_link,imported_from_words,图形编号 s102；来源：WEBpatente definiz.js
s103,passaggi consentiti a destra o a sinistra di un ostacolo,遇到障碍物时可从左侧或右侧通过,交通标志与图形 - 强制标志,https://www.rmastri.it/42/immagini/s103.gif,rmastri.it,https://www.rmastri.it/42/immagini/s103.gif,external image link; needs manual verification before commercial use,unverified_external_link,imported_from_words,图形编号 s103；来源：WEBpatente definiz.js
s104,rotatoria,环岛,交通标志与图形 - 强制标志,https://www.rmastri.it/42/immagini/s104.gif,rmastri.it,https://www.rmastri.it/42/immagini/s104.gif,external image link; needs manual verification before commercial use,unverified_external_link,imported_from_words,图形编号 s104；来源：WEBpatente definiz.js
s105,limite minimo di velocità di 30 km/h,最低限速 30 km/h。,交通标志与图形 - 强制标志,https://www.rmastri.it/42/immagini/s105.gif,rmastri.it,https://www.rmastri.it/42/immagini/s105.gif,external image link; needs manual verification before commercial use,unverified_external_link,imported_from_words,图形编号 s105；来源：WEBpatente definiz.js
s106,fine del limite minimo di velocità di 30 km/h,最低限速 30 km/h 结束。,交通标志与图形 - 强制标志,https://www.rmastri.it/42/immagini/s106.gif,rmastri.it,https://www.rmastri.it/42/immagini/s106.gif,external image link; needs manual verification before commercial use,unverified_external_link,imported_from_words,图形编号 s106；来源：WEBpatente definiz.js
s107,catene o pneumatici da neve obbligatori,必须使用防滑链或雪地轮胎。,交通标志与图形 - 强制标志,https://www.rmastri.it/42/immagini/s107.gif,rmastri.it,https://www.rmastri.it/42/immagini/s107.gif,external image link; needs manual verification before commercial use,unverified_external_link,imported_from_words,图形编号 s107；来源：WEBpatente definiz.js
s108,percorso pedonale,行人专用路径,交通标志与图形 - 强制标志,https://www.rmastri.it/42/immagini/s108.gif,rmastri.it,https://www.rmastri.it/42/immagini/s108.gif,external image link; needs manual verification before commercial use,unverified_external_link,imported_from_words,图形编号 s108；来源：WEBpatente definiz.js
s109,fine del percorso pedonale,行人专用路径结束,交通标志与图形 - 强制标志,https://www.rmastri.it/42/immagini/s109.gif,rmastri.it,https://www.rmastri.it/42/immagini/s109.gif,external image link; needs manual verification before commercial use,unverified_external_link,imported_from_words,图形编号 s109；来源：WEBpatente definiz.js
s110,pista ciclabile,自行车道,交通标志与图形 - 强制标志,https://www.rmastri.it/42/immagini/s110.gif,rmastri.it,https://www.rmastri.it/42/immagini/s110.gif,external image link; needs manual verification before commercial use,unverified_external_link,imported_from_words,图形编号 s110；来源：WEBpatente definiz.js
s111,fine pista ciclabile,自行车道结束,交通标志与图形 - 强制标志,https://www.rmastri.it/42/immagini/s111.gif,rmastri.it,https://www.rmastri.it/42/immagini/s111.gif,external image link; needs manual verification before commercial use,unverified_external_link,imported_from_words,图形编号 s111；来源：WEBpatente definiz.js
s112,pista ciclabile contigua (accanto) al marciapiede,人行道旁相邻自行车道。,交通标志与图形 - 强制标志,https://www.rmastri.it/42/immagini/s112.gif,rmastri.it,https://www.rmastri.it/42/immagini/s112.gif,external image link; needs manual verification before commercial use,unverified_external_link,imported_from_words,图形编号 s112；来源：WEBpatente definiz.js
s113,percorso unico pedonale e ciclabile,行人和自行车共用路径。,交通标志与图形 - 强制标志,https://www.rmastri.it/42/immagini/s113.gif,rmastri.it,https://www.rmastri.it/42/immagini/s113.gif,external image link; needs manual verification before commercial use,unverified_external_link,imported_from_words,图形编号 s113；来源：WEBpatente definiz.js
s114,fine della pista ciclabile contigua (accanto) al marciapiede,人行道旁相邻自行车道结束。,交通标志与图形 - 强制标志,https://www.rmastri.it/42/immagini/s114.gif,rmastri.it,https://www.rmastri.it/42/immagini/s114.gif,external image link; needs manual verification before commercial use,unverified_external_link,imported_from_words,图形编号 s114；来源：WEBpatente definiz.js
s115,fine del percorso pedonale e ciclabile,行人和自行车共用路径结束。,交通标志与图形 - 强制标志,https://www.rmastri.it/42/immagini/s115.gif,rmastri.it,https://www.rmastri.it/42/immagini/s115.gif,external image link; needs manual verification before commercial use,unverified_external_link,imported_from_words,图形编号 s115；来源：WEBpatente definiz.js
s116,percorso riservato ai quadrupedi da soma e da sella,驮畜和骑乘动物专用路线。,交通标志与图形 - 强制标志,https://www.rmastri.it/42/immagini/s116.gif,rmastri.it,https://www.rmastri.it/42/immagini/s116.gif,external image link; needs manual verification before commercial use,unverified_external_link,imported_from_words,图形编号 s116；来源：WEBpatente definiz.js
s117,fine del percorso riservato ai quadrupedi da soma e da sella,驮畜和骑乘动物专用路线结束。,交通标志与图形 - 强制标志,https://www.rmastri.it/42/immagini/s117.gif,rmastri.it,https://www.rmastri.it/42/immagini/s117.gif,external image link; needs manual verification before commercial use,unverified_external_link,imported_from_words,图形编号 s117；来源：WEBpatente definiz.js
s118,alt-dogana: segnala un controllo doganale al confine con uno stato extracomunitario ove e’ obbligatorio fermarsi,海关停车检查：在非欧盟国家边境海关检查处必须停车。,交通标志与图形 - 强制标志,https://www.rmastri.it/42/immagini/s118.gif,rmastri.it,https://www.rmastri.it/42/immagini/s118.gif,external image link; needs manual verification before commercial use,unverified_external_link,imported_from_words,图形编号 s118；来源：WEBpatente definiz.js
s119,alt-polizia: segnala un posto di blocco istituito da organi di polizia ove e’ obbligatorio fermarsi anche se non mostrano la paletta,警察停车检查：遇警察设卡时必须停车。,交通标志与图形 - 强制标志,https://www.rmastri.it/42/immagini/s119.gif,rmastri.it,https://www.rmastri.it/42/immagini/s119.gif,external image link; needs manual verification before commercial use,unverified_external_link,imported_from_words,图形编号 s119；来源：WEBpatente definiz.js
s120,"alt-stazione: segnala l’obbligo di arresto presso accessi autostradali controllati, per operazioni di pedaggio",收费站停车：在受控高速入口或收费操作处必须停车。,交通标志与图形 - 强制标志,https://www.rmastri.it/42/immagini/s120.gif,rmastri.it,https://www.rmastri.it/42/immagini/s120.gif,external image link; needs manual verification before commercial use,unverified_external_link,needs_review,图形编号 s120；来源：WEBpatente definiz.js；需人工校对；review_flags: manual_check
s121,distanza,距离,交通标志与图形 - 辅助牌,https://www.rmastri.it/42/immagini/s121.gif,rmastri.it,https://www.rmastri.it/42/immagini/s121.gif,external image link; needs manual verification before commercial use,unverified_external_link,imported_from_words,图形编号 s121；来源：WEBpatente definiz.js
s122,estesa,路段长度,交通标志与图形 - 辅助牌,https://www.rmastri.it/42/immagini/s122.gif,rmastri.it,https://www.rmastri.it/42/immagini/s122.gif,external image link; needs manual verification before commercial use,unverified_external_link,imported_from_words,图形编号 s122；来源：WEBpatente definiz.js
s123,fasce orarie di tutti i giorni,每天适用的时间段。,交通标志与图形 - 辅助牌,https://www.rmastri.it/42/immagini/s123.gif,rmastri.it,https://www.rmastri.it/42/immagini/s123.gif,external image link; needs manual verification before commercial use,unverified_external_link,imported_from_words,图形编号 s123；来源：WEBpatente definiz.js
s124,fasce orarie dei giorni festivi,节假日适用的时间段。,交通标志与图形 - 辅助牌,https://www.rmastri.it/42/immagini/s124.gif,rmastri.it,https://www.rmastri.it/42/immagini/s124.gif,external image link; needs manual verification before commercial use,unverified_external_link,imported_from_words,图形编号 s124；来源：WEBpatente definiz.js
s125,fasce orarie dei giorni lavorativi,工作日适用的时间段。,交通标志与图形 - 辅助牌,https://www.rmastri.it/42/immagini/s125.gif,rmastri.it,https://www.rmastri.it/42/immagini/s125.gif,external image link; needs manual verification before commercial use,unverified_external_link,imported_from_words,图形编号 s125；来源：WEBpatente definiz.js
s126,limitazione,限制,交通标志与图形 - 辅助牌,https://www.rmastri.it/42/immagini/s126.gif,rmastri.it,https://www.rmastri.it/42/immagini/s126.gif,external image link; needs manual verification before commercial use,unverified_external_link,imported_from_words,图形编号 s126；来源：WEBpatente definiz.js
s127,eccezione,例外,交通标志与图形 - 辅助牌,https://www.rmastri.it/42/immagini/s127.gif,rmastri.it,https://www.rmastri.it/42/immagini/s127.gif,external image link; needs manual verification before commercial use,unverified_external_link,imported_from_words,图形编号 s127；来源：WEBpatente definiz.js
s128,inizio,开始,交通标志与图形 - 辅助牌,https://www.rmastri.it/42/immagini/s128.gif,rmastri.it,https://www.rmastri.it/42/immagini/s128.gif,external image link; needs manual verification before commercial use,unverified_external_link,imported_from_words,图形编号 s128；来源：WEBpatente definiz.js
s129,continuazione,继续,交通标志与图形 - 辅助牌,https://www.rmastri.it/42/immagini/s129.gif,rmastri.it,https://www.rmastri.it/42/immagini/s129.gif,external image link; needs manual verification before commercial use,unverified_external_link,imported_from_words,图形编号 s129；来源：WEBpatente definiz.js
s130,fine,结束,交通标志与图形 - 辅助牌,https://www.rmastri.it/42/immagini/s130.gif,rmastri.it,https://www.rmastri.it/42/immagini/s130.gif,external image link; needs manual verification before commercial use,unverified_external_link,imported_from_words,图形编号 s130；来源：WEBpatente definiz.js
s131,segni orizzontali mancanti o in rifacimento,路面标线缺失或正在重画。,交通标志与图形 - 辅助牌,https://www.rmastri.it/42/immagini/s131.gif,rmastri.it,https://www.rmastri.it/42/immagini/s131.gif,external image link; needs manual verification before commercial use,unverified_external_link,imported_from_words,图形编号 s131；来源：WEBpatente definiz.js
s132,incidente,事故,交通标志与图形 - 辅助牌,https://www.rmastri.it/42/immagini/s132.gif,rmastri.it,https://www.rmastri.it/42/immagini/s132.gif,external image link; needs manual verification before commercial use,unverified_external_link,imported_from_words,图形编号 s132；来源：WEBpatente definiz.js
s133,attraversamento di binari,铁路交叉口,交通标志与图形 - 辅助牌,https://www.rmastri.it/42/immagini/s133.gif,rmastri.it,https://www.rmastri.it/42/immagini/s133.gif,external image link; needs manual verification before commercial use,unverified_external_link,imported_from_words,图形编号 s133；来源：WEBpatente definiz.js
s134,sgombraneve in azione,扫雪车作业中,交通标志与图形 - 辅助牌,https://www.rmastri.it/42/immagini/s134.gif,rmastri.it,https://www.rmastri.it/42/immagini/s134.gif,external image link; needs manual verification before commercial use,unverified_external_link,imported_from_words,图形编号 s134；来源：WEBpatente definiz.js
s135,zona soggetta ad allagamento,易积水区域。,交通标志与图形 - 辅助牌,https://www.rmastri.it/42/immagini/s135.gif,rmastri.it,https://www.rmastri.it/42/immagini/s135.gif,external image link; needs manual verification before commercial use,unverified_external_link,imported_from_words,图形编号 s135；来源：WEBpatente definiz.js
s136,coda: veicoli fermi o in lento movimento,排队拥堵：车辆停止或缓慢移动。,交通标志与图形 - 辅助牌,https://www.rmastri.it/42/immagini/s136.gif,rmastri.it,https://www.rmastri.it/42/immagini/s136.gif,external image link; needs manual verification before commercial use,unverified_external_link,imported_from_words,图形编号 s136；来源：WEBpatente definiz.js
s137,mezzi di lavoro in azione,工程车辆作业。,交通标志与图形 - 辅助牌,https://www.rmastri.it/42/immagini/s137.gif,rmastri.it,https://www.rmastri.it/42/immagini/s137.gif,external image link; needs manual verification before commercial use,unverified_external_link,imported_from_words,图形编号 s137；来源：WEBpatente definiz.js
s138,strada sdrucciolevole per ghiaccio,结冰导致路面湿滑。,交通标志与图形 - 辅助牌,https://www.rmastri.it/42/immagini/s138.gif,rmastri.it,https://www.rmastri.it/42/immagini/s138.gif,external image link; needs manual verification before commercial use,unverified_external_link,imported_from_words,图形编号 s138；来源：WEBpatente definiz.js
s139,strada sdrucciolevole per pioggia,雨水导致路面湿滑。,交通标志与图形 - 辅助牌,https://www.rmastri.it/42/immagini/s139.gif,rmastri.it,https://www.rmastri.it/42/immagini/s139.gif,external image link; needs manual verification before commercial use,unverified_external_link,imported_from_words,图形编号 s139；来源：WEBpatente definiz.js
s140,autocarri in rallentamento,货车减速行驶,交通标志与图形 - 辅助牌,https://www.rmastri.it/42/immagini/s140.gif,rmastri.it,https://www.rmastri.it/42/immagini/s140.gif,external image link; needs manual verification before commercial use,unverified_external_link,imported_from_words,图形编号 s140；来源：WEBpatente definiz.js
s141,zona rimozione coatta,强制拖车区,交通标志与图形 - 辅助牌,https://www.rmastri.it/42/immagini/s141.gif,rmastri.it,https://www.rmastri.it/42/immagini/s141.gif,external image link; needs manual verification before commercial use,unverified_external_link,imported_from_words,图形编号 s141；来源：WEBpatente definiz.js
s142,segnale di corsia,车道指示信号,交通标志与图形 - 辅助牌,https://www.rmastri.it/42/immagini/s142.gif,rmastri.it,https://www.rmastri.it/42/immagini/s142.gif,external image link; needs manual verification before commercial use,unverified_external_link,imported_from_words,图形编号 s142；来源：WEBpatente definiz.js
s143,numero complessivo dei tornanti,连续弯道的总数量。,交通标志与图形 - 辅助牌,https://www.rmastri.it/42/immagini/s143.gif,rmastri.it,https://www.rmastri.it/42/immagini/s143.gif,external image link; needs manual verification before commercial use,unverified_external_link,needs_review,图形编号 s143；来源：WEBpatente definiz.js；需人工校对；review_flags: manual_check
s144,numero progressivo del tornante,当前弯道的顺序编号。,交通标志与图形 - 辅助牌,https://www.rmastri.it/42/immagini/s144.gif,rmastri.it,https://www.rmastri.it/42/immagini/s144.gif,external image link; needs manual verification before commercial use,unverified_external_link,needs_review,图形编号 s144；来源：WEBpatente definiz.js；需人工校对；review_flags: manual_check
s145,pulizia meccanica della strada,道路机械清扫,交通标志与图形 - 辅助牌,https://www.rmastri.it/42/immagini/s145.gif,rmastri.it,https://www.rmastri.it/42/immagini/s145.gif,external image link; needs manual verification before commercial use,unverified_external_link,needs_review,图形编号 s146；来源：WEBpatente definiz.js；signs.csv 提取提示：原 note 图形编号与 image 文件编号不一致，需人工校对。；review_flags: figure_id_mismatch
s146,andamento della strada principale,主干道走向,交通标志与图形 - 辅助牌,https://www.rmastri.it/42/immagini/s146.gif,rmastri.it,https://www.rmastri.it/42/immagini/s146.gif,external image link; needs manual verification before commercial use,unverified_external_link,needs_review,图形编号 s147；来源：WEBpatente definiz.js；signs.csv 提取提示：原 note 图形编号与 image 文件编号不一致，需人工校对。；review_flags: figure_id_mismatch
s148,divieto di sosta temporaneo per pulizia meccanica della strada,因机械清扫道路临时禁止停车。,交通标志与图形 - 辅助牌,https://www.rmastri.it/42/immagini/s148.gif,rmastri.it,https://www.rmastri.it/42/immagini/s148.gif,external image link; needs manual verification before commercial use,unverified_external_link,imported_from_words,图形编号 s148；来源：WEBpatente definiz.js
s150,"preavviso di deviazione obbligatoria a destra per autocarri che superano 3,5 t.",前方货车必须向右改道的预告标志，适用于超过 3.5 吨的货车。,交通标志与图形 - 辅助牌,https://www.rmastri.it/42/immagini/s150.gif,rmastri.it,https://www.rmastri.it/42/immagini/s150.gif,external image link; needs manual verification before commercial use,unverified_external_link,imported_from_words,图形编号 s150；来源：WEBpatente definiz.js
s151,divieto di transito per autotreni ed autoarticolati,禁止货车和铰接式货车过境,交通标志与图形 - 辅助牌,https://www.rmastri.it/42/immagini/s151.gif,rmastri.it,https://www.rmastri.it/42/immagini/s151.gif,external image link; needs manual verification before commercial use,unverified_external_link,imported_from_words,图形编号 s151；来源：WEBpatente definiz.js
s152,senso unico parallelo,平行方向单行道。,交通标志与图形 - 指示标志,https://www.rmastri.it/42/immagini/s152.gif,rmastri.it,https://www.rmastri.it/42/immagini/s152.gif,external image link; needs manual verification before commercial use,unverified_external_link,needs_review,图形编号 s152；来源：WEBpatente definiz.js；需人工校对；review_flags: manual_check
s153,senso unico frontale,正面方向单行道。,交通标志与图形 - 指示标志,https://www.rmastri.it/42/immagini/s153.gif,rmastri.it,https://www.rmastri.it/42/immagini/s153.gif,external image link; needs manual verification before commercial use,unverified_external_link,needs_review,图形编号 s153；来源：WEBpatente definiz.js；需人工校对；review_flags: manual_check
s154,lanterna semaforica veicolare normale,普通车辆交通信号灯。,交通标志与图形 - 指示标志,https://www.rmastri.it/42/immagini/s154.gif,rmastri.it,https://www.rmastri.it/42/immagini/s154.gif,external image link; needs manual verification before commercial use,unverified_external_link,imported_from_words,图形编号 s154；来源：WEBpatente definiz.js
s155,semafori veicolari di corsia,车道交通信号灯。,交通标志与图形 - 指示标志,https://www.rmastri.it/42/immagini/s155.gif,rmastri.it,https://www.rmastri.it/42/immagini/s155.gif,external image link; needs manual verification before commercial use,unverified_external_link,imported_from_words,图形编号 s155；来源：WEBpatente definiz.js
s156,"semaforo per veicoli di trasporto pubblico (tram, taxi, autobus)",公共交通车辆专用信号灯。,交通标志与图形 - 指示标志,https://www.rmastri.it/42/immagini/s156.gif,rmastri.it,https://www.rmastri.it/42/immagini/s156.gif,external image link; needs manual verification before commercial use,unverified_external_link,imported_from_words,图形编号 s156；来源：WEBpatente definiz.js
s157,semaforo pedonale,行人交通信号灯,交通标志与图形 - 指示标志,https://www.rmastri.it/42/immagini/s157.gif,rmastri.it,https://www.rmastri.it/42/immagini/s157.gif,external image link; needs manual verification before commercial use,unverified_external_link,imported_from_words,图形编号 s157；来源：WEBpatente definiz.js
s158,semaforo per velocipedi (biciclette),自行车交通信号灯。,交通标志与图形 - 指示标志,https://www.rmastri.it/42/immagini/s158.gif,rmastri.it,https://www.rmastri.it/42/immagini/s158.gif,external image link; needs manual verification before commercial use,unverified_external_link,imported_from_words,图形编号 s158；来源：WEBpatente definiz.js
s159,lanterne semaforiche per corsie reversibili,可变车道交通信号灯。,交通标志与图形 - 指示标志,https://www.rmastri.it/42/immagini/s159.gif,rmastri.it,https://www.rmastri.it/42/immagini/s159.gif,external image link; needs manual verification before commercial use,unverified_external_link,imported_from_words,图形编号 s159；来源：WEBpatente definiz.js
s160,lanterne semaforiche gialle lampeggianti,黄色闪烁交通信号灯。,交通标志与图形 - 指示标志,https://www.rmastri.it/42/immagini/s160.gif,rmastri.it,https://www.rmastri.it/42/immagini/s160.gif,external image link; needs manual verification before commercial use,unverified_external_link,imported_from_words,图形编号 s160；来源：WEBpatente definiz.js
s161,lanterna semaforica speciale di onda verde,绿波特殊交通信号灯。,交通标志与图形 - 指示标志,https://www.rmastri.it/42/immagini/s161.gif,rmastri.it,https://www.rmastri.it/42/immagini/s161.gif,external image link; needs manual verification before commercial use,unverified_external_link,needs_review,图形编号 s161；来源：WEBpatente definiz.js；需人工校对；review_flags: manual_check
s162,lanterna semaforica speciale a luci rosse lampeggianti,红色闪烁特殊信号灯。,交通标志与图形 - 指示标志,https://www.rmastri.it/42/immagini/s162.gif,rmastri.it,https://www.rmastri.it/42/immagini/s162.gif,external image link; needs manual verification before commercial use,unverified_external_link,needs_review,图形编号 s162；来源：WEBpatente definiz.js；需人工校对；review_flags: manual_check
s163,confine di stato tra paesi della comunità  europea,欧盟国家之间的国界标志。,交通标志与图形 - 强制标志,https://www.rmastri.it/42/immagini/s163.gif,rmastri.it,https://www.rmastri.it/42/immagini/s163.gif,external image link; needs manual verification before commercial use,unverified_external_link,needs_review,图形编号 s172；来源：WEBpatente definiz.js；signs.csv 提取提示：原 note 图形编号与 image 文件编号不一致，需人工校对。；review_flags: figure_id_mismatch
s163,confine di stato tra paesi della comunità europea,欧盟国家之间的国界标志。,交通标志与图形 - 强制标志,https://www.rmastri.it/42/immagini/s163.gif,rmastri.it,https://www.rmastri.it/42/immagini/s163.gif,external image link; needs manual verification before commercial use,unverified_external_link,needs_review,图形编号 s121；来源：WEBpatente definiz.js；signs.csv 提取提示：原 note 图形编号与 image 文件编号不一致，需人工校对。；review_flags: figure_id_mismatch
s164,preavviso di confine di stato tra paesi della comunità  europea,欧盟国家之间国界预告。,交通标志与图形 - 强制标志,https://www.rmastri.it/42/immagini/s164.gif,rmastri.it,https://www.rmastri.it/42/immagini/s164.gif,external image link; needs manual verification before commercial use,unverified_external_link,needs_review,图形编号 s173；来源：WEBpatente definiz.js；signs.csv 提取提示：原 note 图形编号与 image 文件编号不一致，需人工校对。；review_flags: figure_id_mismatch
s164,preavviso di confine di stato tra paesi della comunità europea,欧盟国家之间国界预告。,交通标志与图形 - 强制标志,https://www.rmastri.it/42/immagini/s164.gif,rmastri.it,https://www.rmastri.it/42/immagini/s164.gif,external image link; needs manual verification before commercial use,unverified_external_link,needs_review,图形编号 s122；来源：WEBpatente definiz.js；signs.csv 提取提示：原 note 图形编号与 image 文件编号不一致，需人工校对。；review_flags: figure_id_mismatch
s166,segnale di preavviso di intersezione urbana,城市交叉路口预告标志。,交通标志与图形 - 指示标志,https://www.rmastri.it/42/immagini/s166.gif,rmastri.it,https://www.rmastri.it/42/immagini/s166.gif,external image link; needs manual verification before commercial use,unverified_external_link,imported_from_words,图形编号 s166；来源：WEBpatente definiz.js
s167,segnale di preavviso di intersezioni ravvicinate urbane,城市内相近交叉路口预告标志。,交通标志与图形 - 指示标志,https://www.rmastri.it/42/immagini/s167.gif,rmastri.it,https://www.rmastri.it/42/immagini/s167.gif,external image link; needs manual verification before commercial use,unverified_external_link,needs_review,图形编号 s167；来源：WEBpatente definiz.js；需人工校对；review_flags: manual_check
s168,segnale di preavviso di intersezione urbana con rotatoria,带环岛的城市交叉路口预告标志。,交通标志与图形 - 指示标志,https://www.rmastri.it/42/immagini/s168.gif,rmastri.it,https://www.rmastri.it/42/immagini/s168.gif,external image link; needs manual verification before commercial use,unverified_external_link,imported_from_words,图形编号 s168；来源：WEBpatente definiz.js
s169,"segnale di preavviso di intersezione urbana, con divieto di transito per una categoria di veicoli su un ramo dell’intersezione",城市交叉路口预告标志，其中某一支路禁止某类车辆通行。,交通标志与图形 - 指示标志,https://www.rmastri.it/42/immagini/s169.gif,rmastri.it,https://www.rmastri.it/42/immagini/s169.gif,external image link; needs manual verification before commercial use,unverified_external_link,imported_from_words,图形编号 s169；来源：WEBpatente definiz.js
s170,segnale di preavviso di intersezione extraurbana con passaggio a livello su un ramo dell’intersezione,郊外交叉路口预告标志，其中某一支路有铁路平交道口。,交通标志与图形 - 指示标志,https://www.rmastri.it/42/immagini/s170.gif,rmastri.it,https://www.rmastri.it/42/immagini/s170.gif,external image link; needs manual verification before commercial use,unverified_external_link,imported_from_words,图形编号 s170；来源：WEBpatente definiz.js
s171,segnale di preselezione extraurbano,郊外道路车道预选标志。,交通标志与图形 - 指示标志,https://www.rmastri.it/42/immagini/s171.gif,rmastri.it,https://www.rmastri.it/42/immagini/s171.gif,external image link; needs manual verification before commercial use,unverified_external_link,needs_review,图形编号 s171；来源：WEBpatente definiz.js；需人工校对；review_flags: manual_check
s172,segnale di preselezione urbano,城市道路车道预选标志。,交通标志与图形 - 指示标志,https://www.rmastri.it/42/immagini/s172.gif,rmastri.it,https://www.rmastri.it/42/immagini/s172.gif,external image link; needs manual verification before commercial use,unverified_external_link,needs_review,图形编号 s172；来源：WEBpatente definiz.js；需人工校对；review_flags: manual_check
s173,preavviso di diramazione autostradale,高速公路分岔预告标志。,交通标志与图形 - 指示标志,https://www.rmastri.it/42/immagini/s173.gif,rmastri.it,https://www.rmastri.it/42/immagini/s173.gif,external image link; needs manual verification before commercial use,unverified_external_link,imported_from_words,图形编号 s173；来源：WEBpatente definiz.js
s174,preavviso di diramazione urbana,城市道路分岔预告标志。,交通标志与图形 - 指示标志,https://www.rmastri.it/42/immagini/s174.gif,rmastri.it,https://www.rmastri.it/42/immagini/s174.gif,external image link; needs manual verification before commercial use,unverified_external_link,needs_review,图形编号 s174；来源：WEBpatente definiz.js；需人工校对；review_flags: manual_check
s182,segnale di itinerario extraurbano,郊外道路路线指示标志。,交通标志与图形 - 指示标志,https://www.rmastri.it/42/immagini/s182.gif,rmastri.it,https://www.rmastri.it/42/immagini/s182.gif,external image link; needs manual verification before commercial use,unverified_external_link,needs_review,图形编号 s182；来源：WEBpatente definiz.js；需人工校对；review_flags: manual_check
s183,fine centro abitato e segnale di conferma delle località successive,居民区结束，并确认后续地点方向。,交通标志与图形 - 指示标志,https://www.rmastri.it/42/immagini/s183.gif,rmastri.it,https://www.rmastri.it/42/immagini/s183.gif,external image link; needs manual verification before commercial use,unverified_external_link,imported_from_words,图形编号 s183；来源：WEBpatente definiz.js
s184,segnale di conferma autostradale,高速公路确认标志。,交通标志与图形 - 指示标志,https://www.rmastri.it/42/immagini/s184.gif,rmastri.it,https://www.rmastri.it/42/immagini/s184.gif,external image link; needs manual verification before commercial use,unverified_external_link,needs_review,图形编号 s184；来源：WEBpatente definiz.js；需人工校对；review_flags: manual_check
s186,area pedonale,步行区域。,交通标志与图形 - 指示标志,https://www.rmastri.it/42/immagini/s186.gif,rmastri.it,https://www.rmastri.it/42/immagini/s186.gif,external image link; needs manual verification before commercial use,unverified_external_link,imported_from_words,图形编号 s186；来源：WEBpatente definiz.js
s187,zona a traffico limitato,限制交通区域。,交通标志与图形 - 指示标志,https://www.rmastri.it/42/immagini/s187.gif,rmastri.it,https://www.rmastri.it/42/immagini/s187.gif,external image link; needs manual verification before commercial use,unverified_external_link,imported_from_words,图形编号 s187；来源：WEBpatente definiz.js
s189,transitabilità: passo aperto con obbligo di catene o pneumatici da neve,通行情况：山口开放，但必须使用防滑链或雪地轮胎。,交通标志与图形 - 指示标志,https://www.rmastri.it/42/immagini/s189.gif,rmastri.it,https://www.rmastri.it/42/immagini/s189.gif,external image link; needs manual verification before commercial use,unverified_external_link,needs_review,"图形编号 s192；来源：WEBpatente definiz.js；需人工校对；signs.csv 提取提示：原 note 图形编号与 image 文件编号不一致，需人工校对。；review_flags: manual_check, figure_id_mismatch"
s193,"transitabilità: tratto terminale della strada chiuso, percorribile fino a trafori con catene o pneumatici da neve raccomandati (facoltative)",通行情况：道路最后一段封闭，建议（可选）使用防滑链或雪地轮胎可通行至隧道处,交通标志与图形 - 指示标志,https://www.rmastri.it/42/immagini/s193.gif,rmastri.it,https://www.rmastri.it/42/immagini/s193.gif,external image link; needs manual verification before commercial use,unverified_external_link,needs_review,图形编号 s193；来源：WEBpatente definiz.js；需人工校对；review_flags: manual_check
s194,inizio strada extraurbana principale,主要郊外道路开始。,交通标志与图形 - 指示标志,https://www.rmastri.it/42/immagini/s194.gif,rmastri.it,https://www.rmastri.it/42/immagini/s194.gif,external image link; needs manual verification before commercial use,unverified_external_link,imported_from_words,图形编号 s194；来源：WEBpatente definiz.js
s197,limiti di velocità generali valevoli in italia,意大利通用最高限速提示。,交通标志与图形 - 指示标志,https://www.rmastri.it/42/immagini/s197.gif,rmastri.it,https://www.rmastri.it/42/immagini/s197.gif,external image link; needs manual verification before commercial use,unverified_external_link,imported_from_words,图形编号 s197；来源：WEBpatente definiz.js
s199,segnale di identificazione itinerario internazionale n. 55,国际路线编号55识别标志。,交通标志与图形 - 指示标志,https://www.rmastri.it/42/immagini/s199.gif,rmastri.it,https://www.rmastri.it/42/immagini/s199.gif,external image link; needs manual verification before commercial use,unverified_external_link,imported_from_words,图形编号 s199；来源：WEBpatente definiz.js
s200,segnale di identificazione autostrada n. 25,25 号高速公路识别标志。,交通标志与图形 - 指示标志,https://www.rmastri.it/42/immagini/s200.gif,rmastri.it,https://www.rmastri.it/42/immagini/s200.gif,external image link; needs manual verification before commercial use,unverified_external_link,needs_review,图形编号 s200；来源：WEBpatente definiz.js；需人工校对；review_flags: manual_check
s201,segnale di identificazione strada statale n. 2,国道编号2识别标志。,交通标志与图形 - 指示标志,https://www.rmastri.it/42/immagini/s201.gif,rmastri.it,https://www.rmastri.it/42/immagini/s201.gif,external image link; needs manual verification before commercial use,unverified_external_link,needs_review,图形编号 s213；来源：WEBpatente definiz.js；signs.csv 提取提示：原 note 图形编号与 image 文件编号不一致，需人工校对。；review_flags: figure_id_mismatch
s203,segnale di identificazione strada comunale n. 19,市镇道路编号19识别标志。,交通标志与图形 - 指示标志,https://www.rmastri.it/42/immagini/s203.gif,rmastri.it,https://www.rmastri.it/42/immagini/s203.gif,external image link; needs manual verification before commercial use,unverified_external_link,needs_review,图形编号 s214；来源：WEBpatente definiz.js；signs.csv 提取提示：原 note 图形编号与 image 文件编号不一致，需人工校对。；review_flags: figure_id_mismatch
s206,progressiva distanziometrica autostradale,高速公路距离递增标志。,交通标志与图形 - 指示标志,https://www.rmastri.it/42/immagini/s206.gif,rmastri.it,https://www.rmastri.it/42/immagini/s206.gif,external image link; needs manual verification before commercial use,unverified_external_link,needs_review,图形编号 s206；来源：WEBpatente definiz.js；需人工校对；review_flags: manual_check
s207,inizio centro abitato,居民区开始。,交通标志与图形 - 指示标志,https://www.rmastri.it/42/immagini/s207.gif,rmastri.it,https://www.rmastri.it/42/immagini/s207.gif,external image link; needs manual verification before commercial use,unverified_external_link,imported_from_words,图形编号 s207；来源：WEBpatente definiz.js
s210,pronto soccorso,急救站,交通标志与图形 - 指示标志,https://www.rmastri.it/42/immagini/s210.gif,rmastri.it,https://www.rmastri.it/42/immagini/s210.gif,external image link; needs manual verification before commercial use,unverified_external_link,imported_from_words,图形编号 s210；来源：WEBpatente definiz.js
s214,ospedale,医院,交通标志与图形 - 指示标志,https://www.rmastri.it/42/immagini/s214.gif,rmastri.it,https://www.rmastri.it/42/immagini/s214.gif,external image link; needs manual verification before commercial use,unverified_external_link,imported_from_words,图形编号 s214；来源：WEBpatente definiz.js
s216,segnale di localizzazione territoriale (nome del fiume),地理位置标志，通常显示河流名称。,交通标志与图形 - 指示标志,https://www.rmastri.it/42/immagini/s216.gif,rmastri.it,https://www.rmastri.it/42/immagini/s216.gif,external image link; needs manual verification before commercial use,unverified_external_link,imported_from_words,图形编号 s216；来源：WEBpatente definiz.js
s217,preavviso di informazioni turistico-alberghiere,旅游和住宿信息预告标志。,交通标志与图形 - 指示标志,https://www.rmastri.it/42/immagini/s217.gif,rmastri.it,https://www.rmastri.it/42/immagini/s217.gif,external image link; needs manual verification before commercial use,unverified_external_link,imported_from_words,图形编号 s217；来源：WEBpatente definiz.js
s218,localizzazione di attraversamento pedonale,人行横道位置标志。,交通标志与图形 - 指示标志,https://www.rmastri.it/42/immagini/s218.gif,rmastri.it,https://www.rmastri.it/42/immagini/s218.gif,external image link; needs manual verification before commercial use,unverified_external_link,imported_from_words,图形编号 s218；来源：WEBpatente definiz.js
s219,fermata scuolabus,校车停靠点,交通标志与图形 - 指示标志,https://www.rmastri.it/42/immagini/s219.gif,rmastri.it,https://www.rmastri.it/42/immagini/s219.gif,external image link; needs manual verification before commercial use,unverified_external_link,imported_from_words,图形编号 s219；来源：WEBpatente definiz.js
s220,s.o.s.: dispositivo di chiamata stradale di soccorso o di assistenza,道路救援呼叫装置。,交通标志与图形 - 指示标志,https://www.rmastri.it/42/immagini/s220.gif,rmastri.it,https://www.rmastri.it/42/immagini/s220.gif,external image link; needs manual verification before commercial use,unverified_external_link,imported_from_words,图形编号 s220；来源：WEBpatente definiz.js
s224,strada senza uscita,死胡同 / 无出口道路,交通标志与图形 - 指示标志,https://www.rmastri.it/42/immagini/s224.gif,rmastri.it,https://www.rmastri.it/42/immagini/s224.gif,external image link; needs manual verification before commercial use,unverified_external_link,imported_from_words,图形编号 s224；来源：WEBpatente definiz.js
s225,preavviso di strada senza uscita,前方死胡同预告。,交通标志与图形 - 指示标志,https://www.rmastri.it/42/immagini/s225.gif,rmastri.it,https://www.rmastri.it/42/immagini/s225.gif,external image link; needs manual verification before commercial use,unverified_external_link,imported_from_words,图形编号 s225；来源：WEBpatente definiz.js
s226,velocità consigliata,建议速度。,交通标志与图形 - 指示标志,https://www.rmastri.it/42/immagini/s226.gif,rmastri.it,https://www.rmastri.it/42/immagini/s226.gif,external image link; needs manual verification before commercial use,unverified_external_link,imported_from_words,图形编号 s226；来源：WEBpatente definiz.js
s228,strada riservata ai soli veicoli a motore,机动车专用道路。,交通标志与图形 - 指示标志,https://www.rmastri.it/42/immagini/s228.gif,rmastri.it,https://www.rmastri.it/42/immagini/s228.gif,external image link; needs manual verification before commercial use,unverified_external_link,needs_review,图形编号 s227；来源：WEBpatente definiz.js；signs.csv 提取提示：原 note 图形编号与 image 文件编号不一致，需人工校对。；review_flags: figure_id_mismatch
s230,galleria autostradale,高速公路隧道。,交通标志与图形 - 指示标志,https://www.rmastri.it/42/immagini/s230.gif,rmastri.it,https://www.rmastri.it/42/immagini/s230.gif,external image link; needs manual verification before commercial use,unverified_external_link,imported_from_words,图形编号 s230；来源：WEBpatente definiz.js
s231,"ponte, viadotto o cavalcavia autostradale",高速公路桥梁、高架桥或立交桥。,交通标志与图形 - 指示标志,https://www.rmastri.it/42/immagini/s231.gif,rmastri.it,https://www.rmastri.it/42/immagini/s231.gif,external image link; needs manual verification before commercial use,unverified_external_link,imported_from_words,图形编号 s231；来源：WEBpatente definiz.js
s236,localizzazione di attraversamento ciclabile,自行车横道位置标志。,交通标志与图形 - 指示标志,https://www.rmastri.it/42/immagini/s236.gif,rmastri.it,https://www.rmastri.it/42/immagini/s236.gif,external image link; needs manual verification before commercial use,unverified_external_link,imported_from_words,图形编号 s236；来源：WEBpatente definiz.js
s238,svolta a sinistra indiretta,间接左转,交通标志与图形 - 指示标志,https://www.rmastri.it/42/immagini/s238.gif,rmastri.it,https://www.rmastri.it/42/immagini/s238.gif,external image link; needs manual verification before commercial use,unverified_external_link,needs_review,图形编号 s238；来源：WEBpatente definiz.js；需人工校对；review_flags: manual_check
s239,cavalcavia o sottopassaggio per l’inversione di marcia,用于掉头的上跨桥或下穿通道。,交通标志与图形 - 指示标志,https://www.rmastri.it/42/immagini/s239.gif,rmastri.it,https://www.rmastri.it/42/immagini/s239.gif,external image link; needs manual verification before commercial use,unverified_external_link,needs_review,"图形编号 s236；来源：WEBpatente definiz.js；需人工校对；signs.csv 提取提示：原 note 图形编号与 image 文件编号不一致，需人工校对。；review_flags: manual_check, figure_id_mismatch"
s240,piazzola di sosta su strada extraurbana,郊外道路停车区。,交通标志与图形 - 指示标志,https://www.rmastri.it/42/immagini/s240.gif,rmastri.it,https://www.rmastri.it/42/immagini/s240.gif,external image link; needs manual verification before commercial use,unverified_external_link,imported_from_words,图形编号 s240；来源：WEBpatente definiz.js
s242,"uso corsie su strada extraurbana con divieto di transito nella corsia di sinistra per i veicoli adibiti al trasporto di merci che superano 3,5 t.",郊外道路车道使用：左侧车道禁止超过3.5吨货运车辆通行。,交通标志与图形 - 指示标志,https://www.rmastri.it/42/immagini/s242.gif,rmastri.it,https://www.rmastri.it/42/immagini/s242.gif,external image link; needs manual verification before commercial use,unverified_external_link,needs_review,图形编号 s242；来源：WEBpatente definiz.js；需人工校对；review_flags: manual_check
s243,uso corsie su autostrada con limiti minimi di velocità,高速公路车道使用规则，附最低限速。,交通标志与图形 - 指示标志,https://www.rmastri.it/42/immagini/s243.gif,rmastri.it,https://www.rmastri.it/42/immagini/s243.gif,external image link; needs manual verification before commercial use,unverified_external_link,needs_review,图形编号 s243；来源：WEBpatente definiz.js；需人工校对；review_flags: manual_check
s245,uso corsie su strada urbana con corsia di destra riservata agli autobus,城市道路车道使用：右侧车道为公交车专用。,交通标志与图形 - 指示标志,https://www.rmastri.it/42/immagini/s245.gif,rmastri.it,https://www.rmastri.it/42/immagini/s245.gif,external image link; needs manual verification before commercial use,unverified_external_link,needs_review,"图形编号 s244；来源：WEBpatente definiz.js；需人工校对；signs.csv 提取提示：原 note 图形编号与 image 文件编号不一致，需人工校对。；review_flags: manual_check, figure_id_mismatch"
s247,variazione corsie disponibili (in aumento) su strada extraurbana,郊外道路可用车道增加。,交通标志与图形 - 指示标志,https://www.rmastri.it/42/immagini/s247.gif,rmastri.it,https://www.rmastri.it/42/immagini/s247.gif,external image link; needs manual verification before commercial use,unverified_external_link,imported_from_words,图形编号 s247；来源：WEBpatente definiz.js
s248,variazione corsie disponibili (in diminuzione) su autostrada,高速公路可用车道减少。,交通标志与图形 - 指示标志,https://www.rmastri.it/42/immagini/s248.gif,rmastri.it,https://www.rmastri.it/42/immagini/s248.gif,external image link; needs manual verification before commercial use,unverified_external_link,imported_from_words,图形编号 s248；来源：WEBpatente definiz.js
s250,"preavviso di deviazione consigliata per autocarri che superano 3,5 t., autotreni ed autoarticolati",超过3.5吨货车、货车列车和铰接货车建议改道预告。,交通标志与图形 - 指示标志,https://www.rmastri.it/42/immagini/s250.gif,rmastri.it,https://www.rmastri.it/42/immagini/s250.gif,external image link; needs manual verification before commercial use,unverified_external_link,imported_from_words,图形编号 s250；来源：WEBpatente definiz.js
s251,"direzione consigliata agli autocarri che superano 3,5 t.",建议超过3.5吨的货车行驶方向。,交通标志与图形 - 指示标志,https://www.rmastri.it/42/immagini/s251.gif,rmastri.it,https://www.rmastri.it/42/immagini/s251.gif,external image link; needs manual verification before commercial use,unverified_external_link,needs_review,图形编号 s250；来源：WEBpatente definiz.js；signs.csv 提取提示：原 note 图形编号与 image 文件编号不一致，需人工校对。；review_flags: figure_id_mismatch
s252,assistenza meccanica (officina),车辆维修服务（修理厂）,交通标志与图形 - 指示标志,https://www.rmastri.it/42/immagini/s252.gif,rmastri.it,https://www.rmastri.it/42/immagini/s252.gif,external image link; needs manual verification before commercial use,unverified_external_link,imported_from_words,图形编号 s252；来源：WEBpatente definiz.js
s253,telefono,电话,交通标志与图形 - 指示标志,https://www.rmastri.it/42/immagini/s253.gif,rmastri.it,https://www.rmastri.it/42/immagini/s253.gif,external image link; needs manual verification before commercial use,unverified_external_link,imported_from_words,图形编号 s253；来源：WEBpatente definiz.js
s254,rifornimento,加油站,交通标志与图形 - 指示标志,https://www.rmastri.it/42/immagini/s254.gif,rmastri.it,https://www.rmastri.it/42/immagini/s254.gif,external image link; needs manual verification before commercial use,unverified_external_link,imported_from_words,图形编号 s254；来源：WEBpatente definiz.js
s255,rifornimento con benzina ecologica,环保汽油加油服务。,交通标志与图形 - 指示标志,https://www.rmastri.it/42/immagini/s255.gif,rmastri.it,https://www.rmastri.it/42/immagini/s255.gif,external image link; needs manual verification before commercial use,unverified_external_link,imported_from_words,图形编号 s255；来源：WEBpatente definiz.js
s256,fermata autobus di linee extraurbane,郊外公交线路停靠站。,交通标志与图形 - 指示标志,https://www.rmastri.it/42/immagini/s256.gif,rmastri.it,https://www.rmastri.it/42/immagini/s256.gif,external image link; needs manual verification before commercial use,unverified_external_link,imported_from_words,图形编号 s256；来源：WEBpatente definiz.js
s260,"campeggio per tende, caravan ed autocaravan",帐篷、拖挂房车和房车露营地。,交通标志与图形 - 指示标志,https://www.rmastri.it/42/immagini/s260.gif,rmastri.it,https://www.rmastri.it/42/immagini/s260.gif,external image link; needs manual verification before commercial use,unverified_external_link,imported_from_words,图形编号 s260；来源：WEBpatente definiz.js
s265,parcheggio di scambio con linee di autobus,换乘停车场，可换乘公交线路,交通标志与图形 - 指示标志,https://www.rmastri.it/42/immagini/s265.gif,rmastri.it,https://www.rmastri.it/42/immagini/s265.gif,external image link; needs manual verification before commercial use,unverified_external_link,imported_from_words,图形编号 s265；来源：WEBpatente definiz.js
s270,auto al seguito,随车运输汽车服务,交通标志与图形 - 指示标志,https://www.rmastri.it/42/immagini/s270.gif,rmastri.it,https://www.rmastri.it/42/immagini/s270.gif,external image link; needs manual verification before commercial use,unverified_external_link,needs_review,图形编号 s270；来源：WEBpatente definiz.js；需人工校对；review_flags: manual_check
s272,parcheggio per taxi,出租车停车处,交通标志与图形 - 指示标志,https://www.rmastri.it/42/immagini/s272.gif,rmastri.it,https://www.rmastri.it/42/immagini/s272.gif,external image link; needs manual verification before commercial use,unverified_external_link,imported_from_words,图形编号 s272；来源：WEBpatente definiz.js
s273,area di sosta attrezzata con impianti di scarico,配有污水排放设施的停车区。,交通标志与图形 - 指示标志,https://www.rmastri.it/42/immagini/s273.gif,rmastri.it,https://www.rmastri.it/42/immagini/s273.gif,external image link; needs manual verification before commercial use,unverified_external_link,imported_from_words,图形编号 s273；来源：WEBpatente definiz.js
s274,polizia stradale: indica notizie utili per raggiungere o comunicare con la sede più vicina di un comando di polizia stradale,交通警察信息标志：指示最近交通警察机构的位置或联系方式。,交通标志与图形 - 指示标志,https://www.rmastri.it/42/immagini/s274.gif,rmastri.it,https://www.rmastri.it/42/immagini/s274.gif,external image link; needs manual verification before commercial use,unverified_external_link,needs_review,图形编号 s275；来源：WEBpatente definiz.js；signs.csv 提取提示：原 note 图形编号与 image 文件编号不一致，需人工校对。；review_flags: figure_id_mismatch
s275,lavori in corso,施工中,交通标志与图形 - 临时与施工标志,https://www.rmastri.it/42/immagini/s275.gif,rmastri.it,https://www.rmastri.it/42/immagini/s275.gif,external image link; needs manual verification before commercial use,unverified_external_link,imported_from_words,图形编号 s275；来源：WEBpatente definiz.js
s276,barriera normale: segnala i confini dei cantieri di lavori in corso,普通施工护栏：标示道路施工区域边界。,交通标志与图形 - 临时与施工标志,https://www.rmastri.it/42/immagini/s276.gif,rmastri.it,https://www.rmastri.it/42/immagini/s276.gif,external image link; needs manual verification before commercial use,unverified_external_link,imported_from_words,图形编号 s276；来源：WEBpatente definiz.js
s278,"cono: segnala zone di lavoro di breve durata, incanalamenti temporanei, deviazioni, aree interessate da incidenti",交通锥：用于标示短时间施工区域、临时导流、绕行或事故影响区域。,交通标志与图形 - 临时与施工标志,https://www.rmastri.it/42/immagini/s278.gif,rmastri.it,https://www.rmastri.it/42/immagini/s278.gif,external image link; needs manual verification before commercial use,unverified_external_link,imported_from_words,图形编号 s278；来源：WEBpatente definiz.js
s279,pannello applicato sui veicoli operatrici fermi sulla strada o in lento movimento,作业车辆警示面板：用于停在道路上或缓慢移动的作业车辆。,交通标志与图形 - 临时与施工标志,https://www.rmastri.it/42/immagini/s279.gif,rmastri.it,https://www.rmastri.it/42/immagini/s279.gif,external image link; needs manual verification before commercial use,unverified_external_link,imported_from_words,图形编号 s279；来源：WEBpatente definiz.js
s280,presegnale di cantiere mobile applicato sui veicoli operatrici e segnale di restringimento di corsia,移动施工预告：作业车辆和车道变窄标志。,交通标志与图形 - 临时与施工标志,https://www.rmastri.it/42/immagini/s280.gif,rmastri.it,https://www.rmastri.it/42/immagini/s280.gif,external image link; needs manual verification before commercial use,unverified_external_link,needs_review,图形编号 s280；来源：WEBpatente definiz.js；需人工校对；review_flags: manual_check
s282,preavviso di deviazione per lavori in corso,前方施工，准备绕行,交通标志与图形 - 临时与施工标志,https://www.rmastri.it/42/immagini/s282.gif,rmastri.it,https://www.rmastri.it/42/immagini/s282.gif,external image link; needs manual verification before commercial use,unverified_external_link,imported_from_words,图形编号 s282；来源：WEBpatente definiz.js
s283,preavviso di deviazione con limitazione di transito,前方准备绕行，并有限制通行,交通标志与图形 - 临时与施工标志,https://www.rmastri.it/42/immagini/s283.gif,rmastri.it,https://www.rmastri.it/42/immagini/s283.gif,external image link; needs manual verification before commercial use,unverified_external_link,imported_from_words,图形编号 s283；来源：WEBpatente definiz.js
s284,direzione obbligatoria diritto per autotreni ed autoarticolati,汽车列车和铰接车辆必须直行。,交通标志与图形 - 临时与施工标志,https://www.rmastri.it/42/immagini/s284.gif,rmastri.it,https://www.rmastri.it/42/immagini/s284.gif,external image link; needs manual verification before commercial use,unverified_external_link,imported_from_words,图形编号 s284；来源：WEBpatente definiz.js
s285,segnale di corsia chiusa (chiusura temporanea della corsia di destra),车道临时关闭标志，表示右侧车道暂时关闭。,交通标志与图形 - 临时与施工标志,https://www.rmastri.it/42/immagini/s285.gif,rmastri.it,https://www.rmastri.it/42/immagini/s285.gif,external image link; needs manual verification before commercial use,unverified_external_link,imported_from_words,图形编号 s285；来源：WEBpatente definiz.js
s288,uso corsie disponibili,可用车道使用指示。,交通标志与图形 - 临时与施工标志,https://www.rmastri.it/42/immagini/s288.gif,rmastri.it,https://www.rmastri.it/42/immagini/s288.gif,external image link; needs manual verification before commercial use,unverified_external_link,needs_review,图形编号 s288；来源：WEBpatente definiz.js；需人工校对；review_flags: manual_check
s289,delineatori normali di margine per strade a senso unico,单行道路普通边缘轮廓标。,交通标志与图形 - 临时与施工标志,https://www.rmastri.it/42/immagini/s289.gif,rmastri.it,https://www.rmastri.it/42/immagini/s289.gif,external image link; needs manual verification before commercial use,unverified_external_link,imported_from_words,图形编号 s289；来源：WEBpatente definiz.js
s290,delineatori normali di margine per strade a doppio senso,双向道路普通边缘轮廓标。,交通标志与图形 - 临时与施工标志,https://www.rmastri.it/42/immagini/s290.gif,rmastri.it,https://www.rmastri.it/42/immagini/s290.gif,external image link; needs manual verification before commercial use,unverified_external_link,imported_from_words,图形编号 s290；来源：WEBpatente definiz.js
s291,delineatore per gallerie a senso unico o per strettoie e deviazioni permanenti,隧道、单行道、窄路或永久改道用轮廓标。,交通标志与图形 - 临时与施工标志,https://www.rmastri.it/42/immagini/s291.gif,rmastri.it,https://www.rmastri.it/42/immagini/s291.gif,external image link; needs manual verification before commercial use,unverified_external_link,needs_review,图形编号 s291；来源：WEBpatente definiz.js；需人工校对；review_flags: manual_check
s292,delineatore per strade di montagna soggette ad innevamento,积雪山区道路边缘标识桩。,交通标志与图形 - 临时与施工标志,https://www.rmastri.it/42/immagini/s292.gif,rmastri.it,https://www.rmastri.it/42/immagini/s292.gif,external image link; needs manual verification before commercial use,unverified_external_link,needs_review,图形编号 s292；来源：WEBpatente definiz.js；需人工校对；review_flags: manual_check
s293,delineatore di curva stretta o di tornante,急弯或发夹弯轮廓标。,交通标志与图形 - 临时与施工标志,https://www.rmastri.it/42/immagini/s293.gif,rmastri.it,https://www.rmastri.it/42/immagini/s293.gif,external image link; needs manual verification before commercial use,unverified_external_link,imported_from_words,图形编号 s293；来源：WEBpatente definiz.js
s294,delineatore per intersezione a “t”,T 形交叉路口轮廓标。,交通标志与图形 - 临时与施工标志,https://www.rmastri.it/42/immagini/s294.gif,rmastri.it,https://www.rmastri.it/42/immagini/s294.gif,external image link; needs manual verification before commercial use,unverified_external_link,imported_from_words,图形编号 s294；来源：WEBpatente definiz.js
s295,delineatore modulare di curva a destra,右弯模块式轮廓标。,交通标志与图形 - 临时与施工标志,https://www.rmastri.it/42/immagini/s295.gif,rmastri.it,https://www.rmastri.it/42/immagini/s295.gif,external image link; needs manual verification before commercial use,unverified_external_link,imported_from_words,图形编号 s295；来源：WEBpatente definiz.js
s297,preavviso di semaforo temporaneo,临时交通信号灯预告标志。,交通标志与图形 - 临时与施工标志,https://www.rmastri.it/42/immagini/s297.gif,rmastri.it,https://www.rmastri.it/42/immagini/s297.gif,external image link; needs manual verification before commercial use,unverified_external_link,imported_from_words,图形编号 s297；来源：WEBpatente definiz.js
s299,delineatore speciale di ostacolo,特殊障碍物轮廓标。,交通标志与图形 - 临时与施工标志,https://www.rmastri.it/42/immagini/s299.gif,rmastri.it,https://www.rmastri.it/42/immagini/s299.gif,external image link; needs manual verification before commercial use,unverified_external_link,imported_from_words,图形编号 s299；来源：WEBpatente definiz.js
s301,segnali di limiti di velocità da applicare su alcuni veicoli,适用于某些车辆的限速标志。,交通标志与图形 - 临时与施工标志,https://www.rmastri.it/42/immagini/s301.gif,rmastri.it,https://www.rmastri.it/42/immagini/s301.gif,external image link; needs manual verification before commercial use,unverified_external_link,needs_review,图形编号 s301；来源：WEBpatente definiz.js；需人工校对；review_flags: manual_check
s302,pannello per carichi sporgenti,突出载荷警示板。,交通标志与图形 - 临时与施工标志,https://www.rmastri.it/42/immagini/s302.gif,rmastri.it,https://www.rmastri.it/42/immagini/s302.gif,external image link; needs manual verification before commercial use,unverified_external_link,needs_review,图形编号 s340；来源：WEBpatente definiz.js；signs.csv 提取提示：原 note 图形编号与 image 文件编号不一致，需人工校对。；review_flags: figure_id_mismatch
s303,pannello per trasporto merci pericolose,危险货物运输标志板。,交通标志与图形 - 临时与施工标志,https://www.rmastri.it/42/immagini/s303.gif,rmastri.it,https://www.rmastri.it/42/immagini/s303.gif,external image link; needs manual verification before commercial use,unverified_external_link,needs_review,图形编号 s341；来源：WEBpatente definiz.js；signs.csv 提取提示：原 note 图形编号与 image 文件编号不一致，需人工校对。；review_flags: figure_id_mismatch
s304,"pannelli posteriori per autoveicoli adibiti al trasporto merci di massa a pieno carico oltre 3,5 t.",货运机动车后部识别板：用于满载质量超过3.5吨的车辆。,交通标志与图形 - 临时与施工标志,https://www.rmastri.it/42/immagini/s304.gif,rmastri.it,https://www.rmastri.it/42/immagini/s304.gif,external image link; needs manual verification before commercial use,unverified_external_link,needs_review,图形编号 s344；来源：WEBpatente definiz.js；signs.csv 提取提示：原 note 图形编号与 image 文件编号不一致，需人工校对。；review_flags: figure_id_mismatch
s305,"pannelli posteriori per rimorchi e semirimorchi adibiti al trasporto merci di massa a pieno carico oltre 3,5 t.",货运挂车和半挂车后部标志牌，适用于满载总质量超过3.5吨的车辆。,交通标志与图形 - 临时与施工标志,https://www.rmastri.it/42/immagini/s305.gif,rmastri.it,https://www.rmastri.it/42/immagini/s305.gif,external image link; needs manual verification before commercial use,unverified_external_link,imported_from_words,图形编号 s305；来源：WEBpatente definiz.js
s334,via di fuga,避险车道 / 逃生通道,交通标志与图形 - 指示标志,https://www.rmastri.it/42/immagini/s334.gif,rmastri.it,https://www.rmastri.it/42/immagini/s334.gif,external image link; needs manual verification before commercial use,unverified_external_link,imported_from_words,图形编号 s334；来源：WEBpatente definiz.js
s335,estintore,灭火器,交通标志与图形 - 指示标志,https://www.rmastri.it/42/immagini/s335.gif,rmastri.it,https://www.rmastri.it/42/immagini/s335.gif,external image link; needs manual verification before commercial use,unverified_external_link,imported_from_words,图形编号 s335；来源：WEBpatente definiz.js
s383,vigile in posizione di alt (rosso),交警停止手势，对应红灯。,交通标志与图形 - 交警手势,https://www.rmastri.it/42/immagini/s383.gif,rmastri.it,https://www.rmastri.it/42/immagini/s383.gif,external image link; needs manual verification before commercial use,unverified_external_link,imported_from_words,图形编号 s383；来源：WEBpatente definiz.js
s384,vigile in posizione di avanti (verde),交警放行手势，对应绿灯。,交通标志与图形 - 交警手势,https://www.rmastri.it/42/immagini/s384.gif,rmastri.it,https://www.rmastri.it/42/immagini/s384.gif,external image link; needs manual verification before commercial use,unverified_external_link,imported_from_words,图形编号 s384；来源：WEBpatente definiz.js
s385,vigile in posizione di attenzione (giallo fisso),交警注意姿势，对应固定黄灯信号。,交通标志与图形 - 交警手势,https://www.rmastri.it/42/immagini/s385.gif,rmastri.it,https://www.rmastri.it/42/immagini/s385.gif,external image link; needs manual verification before commercial use,unverified_external_link,needs_review,图形编号 s385；来源：WEBpatente definiz.js；需人工校对；review_flags: manual_check
s386,"vigile con le braccia distese orizzontalmente a 90 gradi (via libera, in tutte le direzioni,  solo per i veicoli che provengono dalla mano sinistra del vigile)",交警双臂水平伸开：仅允许从交警左手方向驶来的车辆通行。,交通标志与图形 - 交警手势,https://www.rmastri.it/42/immagini/s386.gif,rmastri.it,https://www.rmastri.it/42/immagini/s386.gif,external image link; needs manual verification before commercial use,unverified_external_link,needs_review,图形编号 s386；来源：WEBpatente definiz.js；需人工校对；review_flags: manual_check
s445,strisce di delimitazione gialle che individuano un’area di parcheggio destinata a persone invalide,黄色停车区标线：残疾人专用停车区域。,交通标志与图形 - 路面标线,https://www.rmastri.it/42/immagini/s445.gif,rmastri.it,https://www.rmastri.it/42/immagini/s445.gif,external image link; needs manual verification before commercial use,unverified_external_link,needs_review,图形编号 s504；来源：WEBpatente definiz.js；signs.csv 提取提示：原 note 图形编号与 image 文件编号不一致，需人工校对。；review_flags: figure_id_mismatch
s501,striscia bianca continua lungo l’asse,道路中心白色实线。,交通标志与图形 - 路面标线,https://www.rmastri.it/42/immagini/s501.gif,rmastri.it,https://www.rmastri.it/42/immagini/s501.gif,external image link; needs manual verification before commercial use,unverified_external_link,imported_from_words,图形编号 s501；来源：WEBpatente definiz.js
s502,striscia bianca discontinua (tratteggiata) lungo l’asse,道路中心白色虚线。,交通标志与图形 - 路面标线,https://www.rmastri.it/42/immagini/s502.gif,rmastri.it,https://www.rmastri.it/42/immagini/s502.gif,external image link; needs manual verification before commercial use,unverified_external_link,imported_from_words,图形编号 s502；来源：WEBpatente definiz.js
s505,striscia bianca laterale discontinua che separa la carreggiata da un passo carrabile,分隔车行道与车辆出入口的白色侧向虚线。,交通标志与图形 - 路面标线,https://www.rmastri.it/42/immagini/s505.gif,rmastri.it,https://www.rmastri.it/42/immagini/s505.gif,external image link; needs manual verification before commercial use,unverified_external_link,needs_review,图形编号 s505；来源：WEBpatente definiz.js；需人工校对；review_flags: manual_check
s506,strisce bianche discontinue di guida,白色虚线导向线。,交通标志与图形 - 路面标线,https://www.rmastri.it/42/immagini/s506.gif,rmastri.it,https://www.rmastri.it/42/immagini/s506.gif,external image link; needs manual verification before commercial use,unverified_external_link,imported_from_words,图形编号 s506；来源：WEBpatente definiz.js
s509,doppia striscia bianca continua lungo l’asse,道路中心双白实线。,交通标志与图形 - 路面标线,https://www.rmastri.it/42/immagini/s509.gif,rmastri.it,https://www.rmastri.it/42/immagini/s509.gif,external image link; needs manual verification before commercial use,unverified_external_link,imported_from_words,图形编号 s509；来源：WEBpatente definiz.js
s511,piste ciclabili,自行车道标线。,交通标志与图形 - 路面标线,https://www.rmastri.it/42/immagini/s511.gif,rmastri.it,https://www.rmastri.it/42/immagini/s511.gif,external image link; needs manual verification before commercial use,unverified_external_link,imported_from_words,图形编号 s511；来源：WEBpatente definiz.js
s512,striscia bianca laterale discontinua che individua il bordo della strada principale,标示主路边缘的白色虚线。,交通标志与图形 - 路面标线,https://www.rmastri.it/42/immagini/s512.gif,rmastri.it,https://www.rmastri.it/42/immagini/s512.gif,external image link; needs manual verification before commercial use,unverified_external_link,imported_from_words,图形编号 s512；来源：WEBpatente definiz.js
s513,striscia bianca laterale discontinua che separa la carreggiata da una piazzola di sosta,分隔车行道与停车区的白色侧向虚线。,交通标志与图形 - 路面标线,https://www.rmastri.it/42/immagini/s513.gif,rmastri.it,https://www.rmastri.it/42/immagini/s513.gif,external image link; needs manual verification before commercial use,unverified_external_link,needs_review,图形编号 s513；来源：WEBpatente definiz.js；需人工校对；review_flags: manual_check
s515,strisca bianca trasversale continua,白色横向实线。,交通标志与图形 - 路面标线,https://www.rmastri.it/42/immagini/s515.gif,rmastri.it,https://www.rmastri.it/42/immagini/s515.gif,external image link; needs manual verification before commercial use,unverified_external_link,needs_review,图形编号 s515；来源：WEBpatente definiz.js；需人工校对；review_flags: manual_check
s517,attraversamento pedonale diretto posto su strada urbana ed extraurbana,城市和郊外道路上的直向人行横道。,交通标志与图形 - 路面标线,https://www.rmastri.it/42/immagini/s517.gif,rmastri.it,https://www.rmastri.it/42/immagini/s517.gif,external image link; needs manual verification before commercial use,unverified_external_link,imported_from_words,图形编号 s517；来源：WEBpatente definiz.js
s518,attraversamento pedonale obliquo posto su strada urbana ed extraurbana,城市和郊外道路上的斜向人行横道。,交通标志与图形 - 路面标线,https://www.rmastri.it/42/immagini/s518.gif,rmastri.it,https://www.rmastri.it/42/immagini/s518.gif,external image link; needs manual verification before commercial use,unverified_external_link,imported_from_words,图形编号 s518；来源：WEBpatente definiz.js
s519,scritta “stop” sulla pavimentazione (obbligo di fermarsi e dare la precedenza),路面停车让行字样：必须停车并让行。,交通标志与图形 - 路面标线,https://www.rmastri.it/42/immagini/s519.gif,rmastri.it,https://www.rmastri.it/42/immagini/s519.gif,external image link; needs manual verification before commercial use,unverified_external_link,imported_from_words,图形编号 s519；来源：WEBpatente definiz.js
s520,attraversamento ciclabile diretto posto su strada urbana ed extraurbana,城市和郊外道路上的直向自行车横道。,交通标志与图形 - 路面标线,https://www.rmastri.it/42/immagini/s520.gif,rmastri.it,https://www.rmastri.it/42/immagini/s520.gif,external image link; needs manual verification before commercial use,unverified_external_link,imported_from_words,图形编号 s520；来源：WEBpatente definiz.js
s521,attraversamento ciclabile obliquo posto su strada urbana ed extraurbana,城市和郊外道路上的斜向自行车横道。,交通标志与图形 - 路面标线,https://www.rmastri.it/42/immagini/s521.gif,rmastri.it,https://www.rmastri.it/42/immagini/s521.gif,external image link; needs manual verification before commercial use,unverified_external_link,imported_from_words,图形编号 s521；来源：WEBpatente definiz.js
s528,velocita’ consigliata,建议速度。,交通标志与图形 - 路面标线,https://www.rmastri.it/42/immagini/s528.gif,rmastri.it,https://www.rmastri.it/42/immagini/s528.gif,external image link; needs manual verification before commercial use,unverified_external_link,imported_from_words,图形编号 s528；来源：WEBpatente definiz.js
s531,simbolo di passaggio a livello sulla pavimentazione (p e l),路面上的铁路平交道口符号。,交通标志与图形 - 路面标线,https://www.rmastri.it/42/immagini/s531.gif,rmastri.it,https://www.rmastri.it/42/immagini/s531.gif,external image link; needs manual verification before commercial use,unverified_external_link,imported_from_words,图形编号 s531；来源：WEBpatente definiz.js
s534,rallentatore ottico di velocita’,视觉减速标线。,交通标志与图形 - 路面标线,https://www.rmastri.it/42/immagini/s534.gif,rmastri.it,https://www.rmastri.it/42/immagini/s534.gif,external image link; needs manual verification before commercial use,unverified_external_link,imported_from_words,图形编号 s534；来源：WEBpatente definiz.js
s535,dosso artificiale rallentatore di velocita’,人工减速丘。,交通标志与图形 - 路面标线,https://www.rmastri.it/42/immagini/s535.gif,rmastri.it,https://www.rmastri.it/42/immagini/s535.gif,external image link; needs manual verification before commercial use,unverified_external_link,imported_from_words,图形编号 s535；来源：WEBpatente definiz.js
s536,segnaletica orizzontale in corrispondenza di un dosso,凸起路段附近的路面标线。,交通标志与图形 - 路面标线,https://www.rmastri.it/42/immagini/s536.gif,rmastri.it,https://www.rmastri.it/42/immagini/s536.gif,external image link; needs manual verification before commercial use,unverified_external_link,imported_from_words,图形编号 s536；来源：WEBpatente definiz.js
s537,striscia bianca laterale discontinua che separa la carreggiata da una corsia di accelerazione,分隔车行道与加速车道的白色侧向虚线。,交通标志与图形 - 路面标线,https://www.rmastri.it/42/immagini/s537.gif,rmastri.it,https://www.rmastri.it/42/immagini/s537.gif,external image link; needs manual verification before commercial use,unverified_external_link,needs_review,图形编号 s537；来源：WEBpatente definiz.js；需人工校对；review_flags: manual_check
s542,frecce di rientro su strada a doppio senso,双向道路上的回归车道箭头。,交通标志与图形 - 路面标线,https://www.rmastri.it/42/immagini/s542.gif,rmastri.it,https://www.rmastri.it/42/immagini/s542.gif,external image link; needs manual verification before commercial use,unverified_external_link,needs_review,"图形编号 s539；来源：WEBpatente definiz.js；需人工校对；signs.csv 提取提示：原 note 图形编号与 image 文件编号不一致，需人工校对。；review_flags: manual_check, figure_id_mismatch"
s543,strisce di guida per la svolta a sinistra,左转导向线。,交通标志与图形 - 路面标线,https://www.rmastri.it/42/immagini/s543.gif,rmastri.it,https://www.rmastri.it/42/immagini/s543.gif,external image link; needs manual verification before commercial use,unverified_external_link,imported_from_words,图形编号 s543；来源：WEBpatente definiz.js
s545,striscia gialla a zig zag,黄色锯齿形标线。,交通标志与图形 - 路面标线,https://www.rmastri.it/42/immagini/s545.gif,rmastri.it,https://www.rmastri.it/42/immagini/s545.gif,external image link; needs manual verification before commercial use,unverified_external_link,needs_review,图形编号 s545；来源：WEBpatente definiz.js；需人工校对；review_flags: manual_check
s546,striscia di delimitazione per la fermata di autobus e filobus,公交车和无轨电车停靠区域边界线。,交通标志与图形 - 路面标线,https://www.rmastri.it/42/immagini/s546.gif,rmastri.it,https://www.rmastri.it/42/immagini/s546.gif,external image link; needs manual verification before commercial use,unverified_external_link,imported_from_words,图形编号 s546；来源：WEBpatente definiz.js
s547,corsie di canalizzazione con frecce direzionali su strada a doppio senso,双向道路上的导向车道和方向箭头。,交通标志与图形 - 路面标线,https://www.rmastri.it/42/immagini/s547.gif,rmastri.it,https://www.rmastri.it/42/immagini/s547.gif,external image link; needs manual verification before commercial use,unverified_external_link,imported_from_words,图形编号 s547；来源：WEBpatente definiz.js
s550,strada a doppio senso con quattro corsie,四车道双向道路。,交通标志与图形 - 路面标线,https://www.rmastri.it/42/immagini/s550.gif,rmastri.it,https://www.rmastri.it/42/immagini/s550.gif,external image link; needs manual verification before commercial use,unverified_external_link,imported_from_words,图形编号 s550；来源：WEBpatente definiz.js
s552,strada a doppio senso con sei corsie,六车道双向道路。,交通标志与图形 - 路面标线,https://www.rmastri.it/42/immagini/s552.gif,rmastri.it,https://www.rmastri.it/42/immagini/s552.gif,external image link; needs manual verification before commercial use,unverified_external_link,imported_from_words,图形编号 s552；来源：WEBpatente definiz.js
s553,striscia bianca laterale continua che separa la carraeggiata dalla corsia di emergenza,分隔车行道与应急车道的白色侧向实线。,交通标志与图形 - 路面标线,https://www.rmastri.it/42/immagini/s553.gif,rmastri.it,https://www.rmastri.it/42/immagini/s553.gif,external image link; needs manual verification before commercial use,unverified_external_link,needs_review,图形编号 s545；来源：WEBpatente definiz.js；signs.csv 提取提示：原 note 图形编号与 image 文件编号不一致，需人工校对。；review_flags: figure_id_mismatch
s554,strada a tre corsie,三车道道路。,交通标志与图形 - 路面标线,https://www.rmastri.it/42/immagini/s554.gif,rmastri.it,https://www.rmastri.it/42/immagini/s554.gif,external image link; needs manual verification before commercial use,unverified_external_link,imported_from_words,图形编号 s554；来源：WEBpatente definiz.js
s558,strada a due carreggiate e quattro corsie,双车行道的四车道公路,交通标志与图形 - 路面标线,https://www.rmastri.it/42/immagini/s558.gif,rmastri.it,https://www.rmastri.it/42/immagini/s558.gif,external image link; needs manual verification before commercial use,unverified_external_link,imported_from_words,图形编号 s558；来源：WEBpatente definiz.js
s559,strada a due carreggiate e sei corsie,双车行道的六车道公路,交通标志与图形 - 路面标线,https://www.rmastri.it/42/immagini/s559.gif,rmastri.it,https://www.rmastri.it/42/immagini/s559.gif,external image link; needs manual verification before commercial use,unverified_external_link,imported_from_words,图形编号 s559；来源：WEBpatente definiz.js
s562,strada a tre carreggiate e otto corsie,三车行道的八车道公路,交通标志与图形 - 路面标线,https://www.rmastri.it/42/immagini/s562.gif,rmastri.it,https://www.rmastri.it/42/immagini/s562.gif,external image link; needs manual verification before commercial use,unverified_external_link,imported_from_words,图形编号 s562；来源：WEBpatente definiz.js
s563,striscia trasversale continua,横向实线。,交通标志与图形 - 路面标线,https://www.rmastri.it/42/immagini/s563.gif,rmastri.it,https://www.rmastri.it/42/immagini/s563.gif,external image link; needs manual verification before commercial use,unverified_external_link,needs_review,"图形编号 s554；来源：WEBpatente definiz.js；需人工校对；signs.csv 提取提示：原 note 图形编号与 image 文件编号不一致，需人工校对。；review_flags: manual_check, figure_id_mismatch"
s564,corsie di canalizzazione con frecce direzionali su strada a senso unico,带有方向箭头的单行道,交通标志与图形 - 路面标线,https://www.rmastri.it/42/immagini/s564.gif,rmastri.it,https://www.rmastri.it/42/immagini/s564.gif,external image link; needs manual verification before commercial use,unverified_external_link,imported_from_words,图形编号 s564；来源：WEBpatente definiz.js
s565,corsie di canalizzazione con frecce direzionali su strada a doppio senso,双向道路上的导向车道和方向箭头。,交通标志与图形 - 路面标线,https://www.rmastri.it/42/immagini/s565.gif,rmastri.it,https://www.rmastri.it/42/immagini/s565.gif,external image link; needs manual verification before commercial use,unverified_external_link,imported_from_words,图形编号 s565；来源：WEBpatente definiz.js
s566,"striscia longitudinale discontinua e continua posta dopo un pericolo (curva, dosso, incrocio)",危险路段后方的纵向虚实线。,交通标志与图形 - 路面标线,https://www.rmastri.it/42/immagini/s566.gif,rmastri.it,https://www.rmastri.it/42/immagini/s566.gif,external image link; needs manual verification before commercial use,unverified_external_link,needs_review,图形编号 s566；来源：WEBpatente definiz.js；需人工校对；review_flags: manual_check
s567,"striscia longitudinale continua e discontinua posta prima di un pericolo (curva, dosso, incrocio)",危险路段前方的纵向实虚线。,交通标志与图形 - 路面标线,https://www.rmastri.it/42/immagini/s567.gif,rmastri.it,https://www.rmastri.it/42/immagini/s567.gif,external image link; needs manual verification before commercial use,unverified_external_link,needs_review,图形编号 s567；来源：WEBpatente definiz.js；需人工校对；review_flags: manual_check
s568,strisca bianca trasversale continua,白色横向实线。,交通标志与图形 - 路面标线,https://www.rmastri.it/42/immagini/s568.gif,rmastri.it,https://www.rmastri.it/42/immagini/s568.gif,external image link; needs manual verification before commercial use,unverified_external_link,needs_review,图形编号 s568；来源：WEBpatente definiz.js；需人工校对；review_flags: manual_check
s570,corsie di canalizzazione senza frecce direzionali,没有方向箭头的车道,交通标志与图形 - 路面标线,https://www.rmastri.it/42/immagini/s570.gif,rmastri.it,https://www.rmastri.it/42/immagini/s570.gif,external image link; needs manual verification before commercial use,unverified_external_link,imported_from_words,图形编号 s570；来源：WEBpatente definiz.js
s572,corsie di canalizzazione,车道 的CANALIZZAZIONE,交通标志与图形 - 路面标线,https://www.rmastri.it/42/immagini/s572.gif,rmastri.it,https://www.rmastri.it/42/immagini/s572.gif,external image link; needs manual verification before commercial use,unverified_external_link,imported_from_words,图形编号 s572；来源：WEBpatente definiz.js
s574,corsie di canalizzazione,导向车道（需人工校对）,交通标志与图形 - 路面标线,https://www.rmastri.it/42/immagini/s574.gif,rmastri.it,https://www.rmastri.it/42/immagini/s574.gif,external image link; needs manual verification before commercial use,unverified_external_link,needs_review,"图形编号 s574；来源：WEBpatente definiz.js；图片可能与图形 572 重复，需人工校对；signs.csv 提取提示：原 note 图形编号与 image 文件编号不一致，需人工校对。；signs.csv 提取提示：该记录包含多个图形编号，需人工确认主编号。；review_flags: manual_check, figure_id_mismatch, multiple_figure_ids"
s595,isola di traffico (non può essere valicata),交通导流岛：不得压越。,交通标志与图形 - 路面标线,https://www.rmastri.it/42/immagini/s595.gif,rmastri.it,https://www.rmastri.it/42/immagini/s595.gif,external image link; needs manual verification before commercial use,unverified_external_link,needs_review,图形编号 s576；来源：WEBpatente definiz.js；signs.csv 提取提示：原 note 图形编号与 image 文件编号不一致，需人工校对。；review_flags: figure_id_mismatch
s596,strisce di guida per la svolta a sinistra (possono essere valicate),左转导向线：可以压越。,交通标志与图形 - 路面标线,https://www.rmastri.it/42/immagini/s596.gif,rmastri.it,https://www.rmastri.it/42/immagini/s596.gif,external image link; needs manual verification before commercial use,unverified_external_link,needs_review,图形编号 s579；来源：WEBpatente definiz.js；signs.csv 提取提示：原 note 图形编号与 image 文件编号不一致，需人工校对。；review_flags: figure_id_mismatch
s599,svolta a sinistra scorretta,错误的左转路线。,交通标志与图形 - 路口优先顺序,https://www.rmastri.it/42/immagini/s599.gif,rmastri.it,https://www.rmastri.it/42/immagini/s599.gif,external image link; needs manual verification before commercial use,unverified_external_link,imported_from_words,图形编号 s599；来源：WEBpatente definiz.js
s601,svolta a sinistra corretta,正确的左转路线。,交通标志与图形 - 路口优先顺序,https://www.rmastri.it/42/immagini/s601.gif,rmastri.it,https://www.rmastri.it/42/immagini/s601.gif,external image link; needs manual verification before commercial use,unverified_external_link,imported_from_words,图形编号 s601；来源：WEBpatente definiz.js
s602,svolta a sinistra con circolazione rotatoria,环岛通行条件下的左转路线。,交通标志与图形 - 路口优先顺序,https://www.rmastri.it/42/immagini/s602.gif,rmastri.it,https://www.rmastri.it/42/immagini/s602.gif,external image link; needs manual verification before commercial use,unverified_external_link,needs_review,图形编号 s602；来源：WEBpatente definiz.js；需人工校对；review_flags: manual_check
s604,ordine di precedenza:  r - d - a,通行优先顺序：R - D - A,交通标志与图形 - 路口优先顺序,https://www.rmastri.it/42/immagini/s604.gif,rmastri.it,https://www.rmastri.it/42/immagini/s604.gif,external image link; needs manual verification before commercial use,unverified_external_link,imported_from_words,图形编号 s604；来源：WEBpatente definiz.js
s606,ordine di precedenza:  e - c - m,通行优先顺序：E - C - M,交通标志与图形 - 路口优先顺序,https://www.rmastri.it/42/immagini/s606.gif,rmastri.it,https://www.rmastri.it/42/immagini/s606.gif,external image link; needs manual verification before commercial use,unverified_external_link,imported_from_words,图形编号 s606；来源：WEBpatente definiz.js
s607,ordine di precedenza:  t - p - m,通行优先顺序：T - P - M,交通标志与图形 - 路口优先顺序,https://www.rmastri.it/42/immagini/s607.gif,rmastri.it,https://www.rmastri.it/42/immagini/s607.gif,external image link; needs manual verification before commercial use,unverified_external_link,imported_from_words,图形编号 s607；来源：WEBpatente definiz.js
s608,ordine di precedenza:  b - h - c,通行优先顺序：B - H - C,交通标志与图形 - 路口优先顺序,https://www.rmastri.it/42/immagini/s608.gif,rmastri.it,https://www.rmastri.it/42/immagini/s608.gif,external image link; needs manual verification before commercial use,unverified_external_link,imported_from_words,图形编号 s608；来源：WEBpatente definiz.js
s610,ordine di precedenza:  t - a insieme a l - c,通行顺序：T 先行；A 与 L 同时通行；最后 C 通行,交通标志与图形 - 路口优先顺序,https://www.rmastri.it/42/immagini/s610.gif,rmastri.it,https://www.rmastri.it/42/immagini/s610.gif,external image link; needs manual verification before commercial use,unverified_external_link,imported_from_words,图形编号 s610；来源：WEBpatente definiz.js
s613,ordine di precedenza:  t - o - a,通行优先顺序：T - O - A,交通标志与图形 - 路口优先顺序,https://www.rmastri.it/42/immagini/s613.gif,rmastri.it,https://www.rmastri.it/42/immagini/s613.gif,external image link; needs manual verification before commercial use,unverified_external_link,imported_from_words,图形编号 s613；来源：WEBpatente definiz.js
s614,ordine di precedenza:  r - a - t,通行优先顺序：R - A - T,交通标志与图形 - 路口优先顺序,https://www.rmastri.it/42/immagini/s614.gif,rmastri.it,https://www.rmastri.it/42/immagini/s614.gif,external image link; needs manual verification before commercial use,unverified_external_link,imported_from_words,图形编号 s614；来源：WEBpatente definiz.js
s615,ordine di precedenza:  r - a - c,通行优先顺序：R - A - C,交通标志与图形 - 路口优先顺序,https://www.rmastri.it/42/immagini/s615.gif,rmastri.it,https://www.rmastri.it/42/immagini/s615.gif,external image link; needs manual verification before commercial use,unverified_external_link,imported_from_words,图形编号 s615；来源：WEBpatente definiz.js
s616,ordine di precedenza:  b - t - s,通行优先顺序：B - T - S,交通标志与图形 - 路口优先顺序,https://www.rmastri.it/42/immagini/s616.gif,rmastri.it,https://www.rmastri.it/42/immagini/s616.gif,external image link; needs manual verification before commercial use,unverified_external_link,imported_from_words,图形编号 s616；来源：WEBpatente definiz.js
s617,ordine di precedenza:  n si ferma al centro - r - a - prosegue n,通行优先顺序图：N 在路口中心等待，R、A 先行，最后 N 继续。,交通标志与图形 - 路口优先顺序,https://www.rmastri.it/42/immagini/s617.gif,rmastri.it,https://www.rmastri.it/42/immagini/s617.gif,external image link; needs manual verification before commercial use,unverified_external_link,needs_review,"图形编号 s630；来源：WEBpatente definiz.js；需人工校对；signs.csv 提取提示：原 note 图形编号与 image 文件编号不一致，需人工校对。；review_flags: manual_check, figure_id_mismatch"
s618,ordine di precedenza:  l - c - h,通行优先顺序：L - C - H,交通标志与图形 - 路口优先顺序,https://www.rmastri.it/42/immagini/s618.gif,rmastri.it,https://www.rmastri.it/42/immagini/s618.gif,external image link; needs manual verification before commercial use,unverified_external_link,imported_from_words,图形编号 s618；来源：WEBpatente definiz.js
s620,ordine di precedenza:  p - b - c,通行优先顺序：P - B - C,交通标志与图形 - 路口优先顺序,https://www.rmastri.it/42/immagini/s620.gif,rmastri.it,https://www.rmastri.it/42/immagini/s620.gif,external image link; needs manual verification before commercial use,unverified_external_link,imported_from_words,图形编号 s620；来源：WEBpatente definiz.js
s631,ordine di precedenza:  r - d - f,通行优先顺序：R - D - F,交通标志与图形 - 路口优先顺序,https://www.rmastri.it/42/immagini/s631.gif,rmastri.it,https://www.rmastri.it/42/immagini/s631.gif,external image link; needs manual verification before commercial use,unverified_external_link,imported_from_words,图形编号 s631；来源：WEBpatente definiz.js
s632,ordine di precedenza:  d - p - b - n,通行优先顺序：D - P - B - N,交通标志与图形 - 路口优先顺序,https://www.rmastri.it/42/immagini/s632.gif,rmastri.it,https://www.rmastri.it/42/immagini/s632.gif,external image link; needs manual verification before commercial use,unverified_external_link,imported_from_words,图形编号 s632；来源：WEBpatente definiz.js
s633,ordine di precedenza:  n - a - r,通行优先顺序：N - A - R,交通标志与图形 - 路口优先顺序,https://www.rmastri.it/42/immagini/s633.gif,rmastri.it,https://www.rmastri.it/42/immagini/s633.gif,external image link; needs manual verification before commercial use,unverified_external_link,imported_from_words,图形编号 s633；来源：WEBpatente definiz.js
s634,ordine di precedenza:  a - c - l,通行优先顺序：A - C - L,交通标志与图形 - 路口优先顺序,https://www.rmastri.it/42/immagini/s634.gif,rmastri.it,https://www.rmastri.it/42/immagini/s634.gif,external image link; needs manual verification before commercial use,unverified_external_link,imported_from_words,图形编号 s634；来源：WEBpatente definiz.js
s636,ordine di precedenza:  t - a - s,通行优先顺序：T - A - S,交通标志与图形 - 路口优先顺序,https://www.rmastri.it/42/immagini/s636.gif,rmastri.it,https://www.rmastri.it/42/immagini/s636.gif,external image link; needs manual verification before commercial use,unverified_external_link,imported_from_words,图形编号 s636；来源：WEBpatente definiz.js
s637,ordine di precedenza:  l - c e a insieme - d,通行顺序：L 先行；C 与 A 同时通行；最后 D 通行,交通标志与图形 - 路口优先顺序,https://www.rmastri.it/42/immagini/s637.gif,rmastri.it,https://www.rmastri.it/42/immagini/s637.gif,external image link; needs manual verification before commercial use,unverified_external_link,imported_from_words,图形编号 s637；来源：WEBpatente definiz.js
s638,ordine di precedenza:  b si ferma al centro - r - n e d insieme - prosegue b,通行优先顺序图：B 在路口中心等待，R 先行，N 和 D 同时通行，最后 B 继续。,交通标志与图形 - 路口优先顺序,https://www.rmastri.it/42/immagini/s638.gif,rmastri.it,https://www.rmastri.it/42/immagini/s638.gif,external image link; needs manual verification before commercial use,unverified_external_link,needs_review,"图形编号 s639；来源：WEBpatente definiz.js；需人工校对；signs.csv 提取提示：原 note 图形编号与 image 文件编号不一致，需人工校对。；review_flags: manual_check, figure_id_mismatch"
s639,ordine di precedenza:  t e b insieme - a - c,通行顺序：T 与 B 同时通行；然后 A；最后 C,交通标志与图形 - 路口优先顺序,https://www.rmastri.it/42/immagini/s639.gif,rmastri.it,https://www.rmastri.it/42/immagini/s639.gif,external image link; needs manual verification before commercial use,unverified_external_link,imported_from_words,图形编号 s639；来源：WEBpatente definiz.js
s640,ordine di precedenza:  r - d - b,通行优先顺序：R - D - B,交通标志与图形 - 路口优先顺序,https://www.rmastri.it/42/immagini/s640.gif,rmastri.it,https://www.rmastri.it/42/immagini/s640.gif,external image link; needs manual verification before commercial use,unverified_external_link,imported_from_words,图形编号 s640；来源：WEBpatente definiz.js
s642,ordine di precedenza:  t - a si ferma al centro - o - m - prosegue a,通行顺序：T 先行；A 行至路口中央等待；然后 O；再 M；最后 A 继续通行,交通标志与图形 - 路口优先顺序,https://www.rmastri.it/42/immagini/s642.gif,rmastri.it,https://www.rmastri.it/42/immagini/s642.gif,external image link; needs manual verification before commercial use,unverified_external_link,needs_review,图形编号 s642；来源：WEBpatente definiz.js；需人工校对；review_flags: manual_check
s643,ordine di precedenza:  h - d - b - l,通行优先顺序：H - D - B - L,交通标志与图形 - 路口优先顺序,https://www.rmastri.it/42/immagini/s643.gif,rmastri.it,https://www.rmastri.it/42/immagini/s643.gif,external image link; needs manual verification before commercial use,unverified_external_link,imported_from_words,图形编号 s643；来源：WEBpatente definiz.js
s644,ordine di precedenza:  p - d - b - l,通行优先顺序：P - D - B - L,交通标志与图形 - 路口优先顺序,https://www.rmastri.it/42/immagini/s644.gif,rmastri.it,https://www.rmastri.it/42/immagini/s644.gif,external image link; needs manual verification before commercial use,unverified_external_link,imported_from_words,图形编号 s644；来源：WEBpatente definiz.js
s646,ordine di precedenza:  d - c - a - h,通行优先顺序：D - C - A - H,交通标志与图形 - 路口优先顺序,https://www.rmastri.it/42/immagini/s646.gif,rmastri.it,https://www.rmastri.it/42/immagini/s646.gif,external image link; needs manual verification before commercial use,unverified_external_link,imported_from_words,图形编号 s646；来源：WEBpatente definiz.js
s647,ordine di precedenza:  l e h insieme - b - o,通行顺序：L 与 H 同时通行；然后 B；最后 O,交通标志与图形 - 路口优先顺序,https://www.rmastri.it/42/immagini/s647.gif,rmastri.it,https://www.rmastri.it/42/immagini/s647.gif,external image link; needs manual verification before commercial use,unverified_external_link,imported_from_words,图形编号 s647；来源：WEBpatente definiz.js
s648,ordine di precedenza:  t - g - p - b,通行优先顺序：T - G - P - B,交通标志与图形 - 路口优先顺序,https://www.rmastri.it/42/immagini/s648.gif,rmastri.it,https://www.rmastri.it/42/immagini/s648.gif,external image link; needs manual verification before commercial use,unverified_external_link,imported_from_words,图形编号 s648；来源：WEBpatente definiz.js
s650,ordine di precedenza:  l - e - n - r,通行优先顺序：L - E - N - R,交通标志与图形 - 路口优先顺序,https://www.rmastri.it/42/immagini/s650.gif,rmastri.it,https://www.rmastri.it/42/immagini/s650.gif,external image link; needs manual verification before commercial use,unverified_external_link,imported_from_words,图形编号 s650；来源：WEBpatente definiz.js
s651,ordine di precedenza:  d - e e s insieme - a,通行顺序：D 先行；E 与 S 同时通行；最后 A,交通标志与图形 - 路口优先顺序,https://www.rmastri.it/42/immagini/s651.gif,rmastri.it,https://www.rmastri.it/42/immagini/s651.gif,external image link; needs manual verification before commercial use,unverified_external_link,imported_from_words,图形编号 s651；来源：WEBpatente definiz.js
s652,ordine di precedenza:  h - a - f - l,通行优先顺序：H - A - F - L,交通标志与图形 - 路口优先顺序,https://www.rmastri.it/42/immagini/s652.gif,rmastri.it,https://www.rmastri.it/42/immagini/s652.gif,external image link; needs manual verification before commercial use,unverified_external_link,imported_from_words,图形编号 s652；来源：WEBpatente definiz.js
s654,ordine di precedenza:  c - r - a - h,通行优先顺序：C - R - A - H,交通标志与图形 - 路口优先顺序,https://www.rmastri.it/42/immagini/s654.gif,rmastri.it,https://www.rmastri.it/42/immagini/s654.gif,external image link; needs manual verification before commercial use,unverified_external_link,imported_from_words,图形编号 s654；来源：WEBpatente definiz.js
s655,ordine di precedenza:  s - a - e - r,通行优先顺序：S - A - E - R,交通标志与图形 - 路口优先顺序,https://www.rmastri.it/42/immagini/s655.gif,rmastri.it,https://www.rmastri.it/42/immagini/s655.gif,external image link; needs manual verification before commercial use,unverified_external_link,imported_from_words,图形编号 s655；来源：WEBpatente definiz.js
s657,ordine di precedenza:  r - a - c,通行优先顺序：R - A - C,交通标志与图形 - 路口优先顺序,https://www.rmastri.it/42/immagini/s657.gif,rmastri.it,https://www.rmastri.it/42/immagini/s657.gif,external image link; needs manual verification before commercial use,unverified_external_link,imported_from_words,图形编号 s657；来源：WEBpatente definiz.js
s659,ordine di precedenza:  r - a - c,通行优先顺序：R - A - C,交通标志与图形 - 路口优先顺序,https://www.rmastri.it/42/immagini/s659.gif,rmastri.it,https://www.rmastri.it/42/immagini/s659.gif,external image link; needs manual verification before commercial use,unverified_external_link,imported_from_words,图形编号 s659；来源：WEBpatente definiz.js
s660,ordine di precedenza:  h - d - b,通行优先顺序：H - D - B,交通标志与图形 - 路口优先顺序,https://www.rmastri.it/42/immagini/s660.gif,rmastri.it,https://www.rmastri.it/42/immagini/s660.gif,external image link; needs manual verification before commercial use,unverified_external_link,imported_from_words,图形编号 s660；来源：WEBpatente definiz.js
s661,ordine di precedenza:  e - c - l,通行优先顺序：E - C - L,交通标志与图形 - 路口优先顺序,https://www.rmastri.it/42/immagini/s661.gif,rmastri.it,https://www.rmastri.it/42/immagini/s661.gif,external image link; needs manual verification before commercial use,unverified_external_link,imported_from_words,图形编号 s661；来源：WEBpatente definiz.js
s662,ordine di precedenza:  a - e - b,通行优先顺序：A - E - B,交通标志与图形 - 路口优先顺序,https://www.rmastri.it/42/immagini/s662.gif,rmastri.it,https://www.rmastri.it/42/immagini/s662.gif,external image link; needs manual verification before commercial use,unverified_external_link,imported_from_words,图形编号 s662；来源：WEBpatente definiz.js
s663,ordine di precedenza:  r - b - d - t,通行优先顺序：R - B - D - T,交通标志与图形 - 路口优先顺序,https://www.rmastri.it/42/immagini/s663.gif,rmastri.it,https://www.rmastri.it/42/immagini/s663.gif,external image link; needs manual verification before commercial use,unverified_external_link,imported_from_words,图形编号 s663；来源：WEBpatente definiz.js
s664,ordine di precedenza:  s - b - l - d,通行优先顺序：S - B - L - D,交通标志与图形 - 路口优先顺序,https://www.rmastri.it/42/immagini/s664.gif,rmastri.it,https://www.rmastri.it/42/immagini/s664.gif,external image link; needs manual verification before commercial use,unverified_external_link,imported_from_words,图形编号 s664；来源：WEBpatente definiz.js
s665,ordine di precedenza:  a - e - v - h - c,通行优先顺序：A - E - V - H - C,交通标志与图形 - 路口优先顺序,https://www.rmastri.it/42/immagini/s665.gif,rmastri.it,https://www.rmastri.it/42/immagini/s665.gif,external image link; needs manual verification before commercial use,unverified_external_link,imported_from_words,图形编号 s665；来源：WEBpatente definiz.js
s667,ordine di precedenza:  c - a - p,通行优先顺序：C - A - P,交通标志与图形 - 路口优先顺序,https://www.rmastri.it/42/immagini/s667.gif,rmastri.it,https://www.rmastri.it/42/immagini/s667.gif,external image link; needs manual verification before commercial use,unverified_external_link,imported_from_words,图形编号 s667；来源：WEBpatente definiz.js
s668,ordine di precedenza:  s - n - c,通行优先顺序：S - N - C,交通标志与图形 - 路口优先顺序,https://www.rmastri.it/42/immagini/s668.gif,rmastri.it,https://www.rmastri.it/42/immagini/s668.gif,external image link; needs manual verification before commercial use,unverified_external_link,imported_from_words,图形编号 s668；来源：WEBpatente definiz.js
s669,ordine di precedenza:  c - a - l - r - e,通行优先顺序：C - A - L - R - E,交通标志与图形 - 路口优先顺序,https://www.rmastri.it/42/immagini/s669.gif,rmastri.it,https://www.rmastri.it/42/immagini/s669.gif,external image link; needs manual verification before commercial use,unverified_external_link,imported_from_words,图形编号 s669；来源：WEBpatente definiz.js
s670,segnalazione di divieto di sosta posta sul bordo del marciapiede,人行道边缘的禁止停车标示。,交通标志与图形 - 路口优先顺序,https://www.rmastri.it/42/immagini/s670.gif,rmastri.it,https://www.rmastri.it/42/immagini/s670.gif,external image link; needs manual verification before commercial use,unverified_external_link,needs_review,图形编号 s670；来源：WEBpatente definiz.js；需人工校对；review_flags: manual_check
s676,"il veicolo s che prosegue in retromarcia deve moderare la velocità, azionare gli indicatori di direzione e dare la precedenza",倒车车辆应减速、开启转向灯并让行。,交通标志与图形 - 路口优先顺序,https://www.rmastri.it/42/immagini/s676.gif,rmastri.it,https://www.rmastri.it/42/immagini/s676.gif,external image link; needs manual verification before commercial use,unverified_external_link,needs_review,图形编号 s676；来源：WEBpatente definiz.js；需人工校对；review_flags: manual_check
s690,proiettore abbagliante,远光灯。,交通标志与图形 - 灯光与仪表符号,https://www.rmastri.it/42/immagini/s690.gif,rmastri.it,https://www.rmastri.it/42/immagini/s690.gif,external image link; needs manual verification before commercial use,unverified_external_link,imported_from_words,图形编号 s690；来源：WEBpatente definiz.js
s693,proiettore anabbagliante asimmetrico errato,错误的非对称近光灯光束。,交通标志与图形 - 灯光与仪表符号,https://www.rmastri.it/42/immagini/s693.gif,rmastri.it,https://www.rmastri.it/42/immagini/s693.gif,external image link; needs manual verification before commercial use,unverified_external_link,needs_review,图形编号 s693；来源：WEBpatente definiz.js；需人工校对；review_flags: manual_check
s694,proiettore anabbagliante asimmetrico corretto,正确的非对称近光灯光束。,交通标志与图形 - 灯光与仪表符号,https://www.rmastri.it/42/immagini/s694.gif,rmastri.it,https://www.rmastri.it/42/immagini/s694.gif,external image link; needs manual verification before commercial use,unverified_external_link,needs_review,图形编号 s694；来源：WEBpatente definiz.js；需人工校对；review_flags: manual_check
s695,simbolo proiettori abbaglianti (spia colore blu),远光灯符号，蓝色指示灯。,交通标志与图形 - 灯光与仪表符号,https://www.rmastri.it/42/immagini/s695.gif,rmastri.it,https://www.rmastri.it/42/immagini/s695.gif,external image link; needs manual verification before commercial use,unverified_external_link,imported_from_words,图形编号 s695；来源：WEBpatente definiz.js
s696,simbolo proiettori anabbaglianti (spia colore verde),近光灯符号，绿色指示灯。,交通标志与图形 - 灯光与仪表符号,https://www.rmastri.it/42/immagini/s696.gif,rmastri.it,https://www.rmastri.it/42/immagini/s696.gif,external image link; needs manual verification before commercial use,unverified_external_link,imported_from_words,图形编号 s696；来源：WEBpatente definiz.js
s697,simbolo degli indicatori di direzione (spia acustica e spia luminosa di colore verde),转向灯符号，绿色声光指示。,交通标志与图形 - 灯光与仪表符号,https://www.rmastri.it/42/immagini/s697.gif,rmastri.it,https://www.rmastri.it/42/immagini/s697.gif,external image link; needs manual verification before commercial use,unverified_external_link,needs_review,图形编号 s697；来源：WEBpatente definiz.js；需人工校对；review_flags: manual_check
s698,simbolo del segnale di emergenza: accensione di tutti gli indicatori di direzione (spia colore rosso),危险报警闪光灯符号：所有转向灯同时闪烁，红色指示灯。,交通标志与图形 - 灯光与仪表符号,https://www.rmastri.it/42/immagini/s698.gif,rmastri.it,https://www.rmastri.it/42/immagini/s698.gif,external image link; needs manual verification before commercial use,unverified_external_link,imported_from_words,图形编号 s698；来源：WEBpatente definiz.js
s699,simbolo del tergicristallo anteriore (posto su comando),前风挡雨刷控制符号。,交通标志与图形 - 灯光与仪表符号,https://www.rmastri.it/42/immagini/s699.gif,rmastri.it,https://www.rmastri.it/42/immagini/s699.gif,external image link; needs manual verification before commercial use,unverified_external_link,imported_from_words,图形编号 s699；来源：WEBpatente definiz.js
s701,simbolo del tergi-lavacristallo anteriore (posto su comando),前风挡雨刷和清洗器控制符号。,交通标志与图形 - 灯光与仪表符号,https://www.rmastri.it/42/immagini/s701.gif,rmastri.it,https://www.rmastri.it/42/immagini/s701.gif,external image link; needs manual verification before commercial use,unverified_external_link,imported_from_words,图形编号 s701；来源：WEBpatente definiz.js
s702,simbolo dell’avvisatore acustico: clacson o tromba (posto su comando),喇叭控制符号。,交通标志与图形 - 灯光与仪表符号,https://www.rmastri.it/42/immagini/s702.gif,rmastri.it,https://www.rmastri.it/42/immagini/s702.gif,external image link; needs manual verification before commercial use,unverified_external_link,imported_from_words,图形编号 s702；来源：WEBpatente definiz.js
s703,simbolo della riserva carburante (spia colore giallo),燃油不足指示灯，黄色。,交通标志与图形 - 灯光与仪表符号,https://www.rmastri.it/42/immagini/s703.gif,rmastri.it,https://www.rmastri.it/42/immagini/s703.gif,external image link; needs manual verification before commercial use,unverified_external_link,imported_from_words,图形编号 s703；来源：WEBpatente definiz.js
s704,simbolo della temperatura eccessiva dell’acqua (spia colore rosso),冷却液温度过高指示灯，红色。,交通标志与图形 - 灯光与仪表符号,https://www.rmastri.it/42/immagini/s704.gif,rmastri.it,https://www.rmastri.it/42/immagini/s704.gif,external image link; needs manual verification before commercial use,unverified_external_link,imported_from_words,图形编号 s704；来源：WEBpatente definiz.js
s705,simbolo della batteria: anomalia della dinamo o dell’alternatore (spia colore rosso),电瓶或发电系统异常指示灯，红色。,交通标志与图形 - 灯光与仪表符号,https://www.rmastri.it/42/immagini/s705.gif,rmastri.it,https://www.rmastri.it/42/immagini/s705.gif,external image link; needs manual verification before commercial use,unverified_external_link,imported_from_words,图形编号 s705；来源：WEBpatente definiz.js
s706,simbolo della pressione bassa dell’olio (spia colore rosso),机油压力过低指示灯，红色。,交通标志与图形 - 灯光与仪表符号,https://www.rmastri.it/42/immagini/s706.gif,rmastri.it,https://www.rmastri.it/42/immagini/s706.gif,external image link; needs manual verification before commercial use,unverified_external_link,imported_from_words,图形编号 s706；来源：WEBpatente definiz.js
s708,simbolo del lunotto termico posteriore (spia colore giallo),后窗加热除雾指示灯，黄色。,交通标志与图形 - 灯光与仪表符号,https://www.rmastri.it/42/immagini/s708.gif,rmastri.it,https://www.rmastri.it/42/immagini/s708.gif,external image link; needs manual verification before commercial use,unverified_external_link,imported_from_words,图形编号 s708；来源：WEBpatente definiz.js
s709,simbolo di sbrinamento del parabrezza anteriore (spia colore giallo),前风挡除霜指示灯，黄色。,交通标志与图形 - 灯光与仪表符号,https://www.rmastri.it/42/immagini/s709.gif,rmastri.it,https://www.rmastri.it/42/immagini/s709.gif,external image link; needs manual verification before commercial use,unverified_external_link,imported_from_words,图形编号 s709；来源：WEBpatente definiz.js
s717,simbolo dei fendinebbia posteriori (spia colore giallo),后雾灯符号，黄色指示灯。,交通标志与图形 - 灯光与仪表符号,https://www.rmastri.it/42/immagini/s717.gif,rmastri.it,https://www.rmastri.it/42/immagini/s717.gif,external image link; needs manual verification before commercial use,unverified_external_link,imported_from_words,图形编号 s717；来源：WEBpatente definiz.js
s718,simbolo dei fendinebbia anteriori (spia colore verde),前雾灯符号，绿色指示灯。,交通标志与图形 - 灯光与仪表符号,https://www.rmastri.it/42/immagini/s718.gif,rmastri.it,https://www.rmastri.it/42/immagini/s718.gif,external image link; needs manual verification before commercial use,unverified_external_link,imported_from_words,图形编号 s718；来源：WEBpatente definiz.js
s720,simbolo del freno di stazionamento inserito (spia colore rosso),驻车制动已启用指示灯，红色。,交通标志与图形 - 灯光与仪表符号,https://www.rmastri.it/42/immagini/s720.gif,rmastri.it,https://www.rmastri.it/42/immagini/s720.gif,external image link; needs manual verification before commercial use,unverified_external_link,imported_from_words,图形编号 s720；来源：WEBpatente definiz.js
s721,simbolo funzionamento difettoso del sistema frenante (spia colore rosso),制动系统故障指示灯，红色。,交通标志与图形 - 灯光与仪表符号,https://www.rmastri.it/42/immagini/s721.gif,rmastri.it,https://www.rmastri.it/42/immagini/s721.gif,external image link; needs manual verification before commercial use,unverified_external_link,imported_from_words,图形编号 s721；来源：WEBpatente definiz.js
s901,segnale di strada deformata integrato con pannello estesa,路面不平标志，附范围长度辅助牌。,交通标志与图形,https://www.rmastri.it/42/immagini/s901.gif,rmastri.it,https://www.rmastri.it/42/immagini/s901.gif,external image link; needs manual verification before commercial use,unverified_external_link,imported_from_words,图形编号 s901；来源：WEBpatente definiz.js
s902,segnale di strada deformata integrato con pannello distanza,路面不平标志，附距离辅助牌。,交通标志与图形,https://www.rmastri.it/42/immagini/s902.gif,rmastri.it,https://www.rmastri.it/42/immagini/s902.gif,external image link; needs manual verification before commercial use,unverified_external_link,imported_from_words,图形编号 s902；来源：WEBpatente definiz.js
s903,segnale di strada deformata integrato con pannello di fine,路面不平标志，附结束辅助牌。,交通标志与图形,https://www.rmastri.it/42/immagini/s903.gif,rmastri.it,https://www.rmastri.it/42/immagini/s903.gif,external image link; needs manual verification before commercial use,unverified_external_link,imported_from_words,图形编号 s903；来源：WEBpatente definiz.js
s904,segnale di cunetta integrato con pannello allagamento,凹陷路段标志，附加积水辅助牌。,交通标志与图形,https://www.rmastri.it/42/immagini/s904.gif,rmastri.it,https://www.rmastri.it/42/immagini/s904.gif,external image link; needs manual verification before commercial use,unverified_external_link,needs_review,图形编号 s904；来源：WEBpatente definiz.js；需人工校对；review_flags: manual_check
s905,segnale di doppia curva integrato con pannello distanza,双弯道标志，附距离辅助牌。,交通标志与图形,https://www.rmastri.it/42/immagini/s905.gif,rmastri.it,https://www.rmastri.it/42/immagini/s905.gif,external image link; needs manual verification before commercial use,unverified_external_link,imported_from_words,图形编号 s905；来源：WEBpatente definiz.js
s906,segnale di doppia curva integrato con pannello estesa,双弯道标志，附范围长度辅助牌。,交通标志与图形,https://www.rmastri.it/42/immagini/s906.gif,rmastri.it,https://www.rmastri.it/42/immagini/s906.gif,external image link; needs manual verification before commercial use,unverified_external_link,imported_from_words,图形编号 s906；来源：WEBpatente definiz.js
s907,segnale di doppia curva integrato con pannello estesa,双弯道标志，附范围长度辅助牌。,交通标志与图形,https://www.rmastri.it/42/immagini/s907.gif,rmastri.it,https://www.rmastri.it/42/immagini/s907.gif,external image link; needs manual verification before commercial use,unverified_external_link,imported_from_words,图形编号 s907；来源：WEBpatente definiz.js
s908,doppia croce di s.andrea (a) e segnale di fermarsi e dare precedenza (b),双圣安德烈十字标志和停车让行标志。,交通标志与图形,https://www.rmastri.it/42/immagini/s908.gif,rmastri.it,https://www.rmastri.it/42/immagini/s908.gif,external image link; needs manual verification before commercial use,unverified_external_link,imported_from_words,图形编号 s908；来源：WEBpatente definiz.js
s909,doppia croce di s.andrea (a) e segnale di passaggio a livello con barriere o semibarriere (b),双圣安德烈十字标志和带栏杆的铁路平交道口标志。,交通标志与图形,https://www.rmastri.it/42/immagini/s909.gif,rmastri.it,https://www.rmastri.it/42/immagini/s909.gif,external image link; needs manual verification before commercial use,unverified_external_link,imported_from_words,图形编号 s909；来源：WEBpatente definiz.js
s910,pannelli distanziometrici (a) e segnale di passaggio a livello con barriere o semibarriere (b),距离提示牌和带栏杆的铁路平交道口标志。,交通标志与图形,https://www.rmastri.it/42/immagini/s910.gif,rmastri.it,https://www.rmastri.it/42/immagini/s910.gif,external image link; needs manual verification before commercial use,unverified_external_link,imported_from_words,图形编号 s910；来源：WEBpatente definiz.js
s911,pannelli distanziometrici (a) e croce di s.andrea (b),距离提示牌和圣安德烈十字标志。,交通标志与图形,https://www.rmastri.it/42/immagini/s911.gif,rmastri.it,https://www.rmastri.it/42/immagini/s911.gif,external image link; needs manual verification before commercial use,unverified_external_link,imported_from_words,图形编号 s911；来源：WEBpatente definiz.js
s912,segnali di strettoia simmetrica (a) e di dare precedenza nei sensi unici alternati (b),双向道路变窄标志和交替单行让行标志。,交通标志与图形,https://www.rmastri.it/42/immagini/s912.gif,rmastri.it,https://www.rmastri.it/42/immagini/s912.gif,external image link; needs manual verification before commercial use,unverified_external_link,imported_from_words,图形编号 s912；来源：WEBpatente definiz.js
s913,segnali di strettoia simmetrica (a) e di diritto di precedenza nei sensi unici alternati (b),双向道路变窄标志和交替单行优先通行标志。,交通标志与图形,https://www.rmastri.it/42/immagini/s913.gif,rmastri.it,https://www.rmastri.it/42/immagini/s913.gif,external image link; needs manual verification before commercial use,unverified_external_link,imported_from_words,图形编号 s913；来源：WEBpatente definiz.js
s914,segnale di strada sdrucciolevole integrato con pannello di continuazione,路面湿滑标志，附持续辅助牌。,交通标志与图形,https://www.rmastri.it/42/immagini/s914.gif,rmastri.it,https://www.rmastri.it/42/immagini/s914.gif,external image link; needs manual verification before commercial use,unverified_external_link,imported_from_words,图形编号 s914；来源：WEBpatente definiz.js
s915,segnale di strada sdrucciolevole integrato con pannello di fine,路面湿滑标志，附结束辅助牌。,交通标志与图形,https://www.rmastri.it/42/immagini/s915.gif,rmastri.it,https://www.rmastri.it/42/immagini/s915.gif,external image link; needs manual verification before commercial use,unverified_external_link,imported_from_words,图形编号 s915；来源：WEBpatente definiz.js
s916,segnale di strada sdrucciolevole integrato con pannello causa ghiaccio,路面湿滑标志，附结冰原因辅助牌。,交通标志与图形,https://www.rmastri.it/42/immagini/s916.gif,rmastri.it,https://www.rmastri.it/42/immagini/s916.gif,external image link; needs manual verification before commercial use,unverified_external_link,imported_from_words,图形编号 s916；来源：WEBpatente definiz.js
s917,segnale di strada sdrucciolevole (a) pannello integrativo causa ghiaccio,湿滑道路危险标志，辅助牌说明原因是结冰。,交通标志与图形,https://www.rmastri.it/42/immagini/s917.gif,rmastri.it,https://www.rmastri.it/42/immagini/s917.gif,external image link; needs manual verification before commercial use,unverified_external_link,imported_from_words,图形编号 s917；来源：WEBpatente definiz.js
s918,segnale di strada sdrucciolevole (a) pannello integrativo causa pioggia,湿滑道路危险标志，辅助牌说明原因是下雨。,交通标志与图形,https://www.rmastri.it/42/immagini/s918.gif,rmastri.it,https://www.rmastri.it/42/immagini/s918.gif,external image link; needs manual verification before commercial use,unverified_external_link,imported_from_words,图形编号 s918；来源：WEBpatente definiz.js
s919,segnale di pericolo generico integrato con pannello attraversamento binari,一般危险标志，附铁路轨道穿越辅助牌。,交通标志与图形,https://www.rmastri.it/42/immagini/s919.gif,rmastri.it,https://www.rmastri.it/42/immagini/s919.gif,external image link; needs manual verification before commercial use,unverified_external_link,needs_review,图形编号 s919；来源：WEBpatente definiz.js；需人工校对；review_flags: manual_check
s920,segnale di pericolo generico (a) e pannello integrativo attraversamento binari (b),一般危险标志和铁路轨道穿越辅助牌。,交通标志与图形,https://www.rmastri.it/42/immagini/s920.gif,rmastri.it,https://www.rmastri.it/42/immagini/s920.gif,external image link; needs manual verification before commercial use,unverified_external_link,needs_review,图形编号 s920；来源：WEBpatente definiz.js；需人工校对；review_flags: manual_check
s921,segnale di pericolo generico (a) e pannello integrativo sgombraneve in azione (b),一般危险标志，辅助牌提示前方有除雪车作业。,交通标志与图形,https://www.rmastri.it/42/immagini/s921.gif,rmastri.it,https://www.rmastri.it/42/immagini/s921.gif,external image link; needs manual verification before commercial use,unverified_external_link,imported_from_words,图形编号 s921；来源：WEBpatente definiz.js
s922,segnale di pericolo generico (a) e pannello integrativo mezzi di lavoro in azione (b),一般危险标志，辅助牌提示前方有工程车辆作业。,交通标志与图形,https://www.rmastri.it/42/immagini/s922.gif,rmastri.it,https://www.rmastri.it/42/immagini/s922.gif,external image link; needs manual verification before commercial use,unverified_external_link,imported_from_words,图形编号 s922；来源：WEBpatente definiz.js
s923,segnale di pericolo generico (a) e pannello integrativo causa ghiaccio,一般危险标志，辅助牌提示危险原因是结冰。,交通标志与图形,https://www.rmastri.it/42/immagini/s923.gif,rmastri.it,https://www.rmastri.it/42/immagini/s923.gif,external image link; needs manual verification before commercial use,unverified_external_link,imported_from_words,图形编号 s923；来源：WEBpatente definiz.js
s924,segnale di divieto di transito integrato con pannello fascia oraria di tutti i giorni,禁止通行标志，附加每天适用的时间段。,交通标志与图形 - 辅助牌,https://www.rmastri.it/42/immagini/s924.gif,rmastri.it,https://www.rmastri.it/42/immagini/s924.gif,external image link; needs manual verification before commercial use,unverified_external_link,imported_from_words,图形编号 s924；来源：WEBpatente definiz.js
s925,segnale di divieto di transito integrato con pannello fascia oraria dei giorni festivi,禁止通行标志，附加节假日适用的时间段。,交通标志与图形 - 辅助牌,https://www.rmastri.it/42/immagini/s925.gif,rmastri.it,https://www.rmastri.it/42/immagini/s925.gif,external image link; needs manual verification before commercial use,unverified_external_link,imported_from_words,图形编号 s925；来源：WEBpatente definiz.js
s926,segnale di divieto di transito integrato con pannello di limitazione,禁止通行标志，附加限制条件辅助牌。,交通标志与图形 - 辅助牌,https://www.rmastri.it/42/immagini/s926.gif,rmastri.it,https://www.rmastri.it/42/immagini/s926.gif,external image link; needs manual verification before commercial use,unverified_external_link,needs_review,图形编号 s926；来源：WEBpatente definiz.js；需人工校对；review_flags: manual_check
s927,segnale di senso vietato integrato con pannello di eccezione,禁止驶入标志，附例外辅助牌。,交通标志与图形 - 辅助牌,https://www.rmastri.it/42/immagini/s927.gif,rmastri.it,https://www.rmastri.it/42/immagini/s927.gif,external image link; needs manual verification before commercial use,unverified_external_link,needs_review,图形编号 s927；来源：WEBpatente definiz.js；需人工校对；review_flags: manual_check
s928,segnale di divieto di transito integrato con pannello fascia oraria dei giorni lavorativi,禁止通行标志，附加工作日适用的时间段。,交通标志与图形 - 辅助牌,https://www.rmastri.it/42/immagini/s928.gif,rmastri.it,https://www.rmastri.it/42/immagini/s928.gif,external image link; needs manual verification before commercial use,unverified_external_link,imported_from_words,图形编号 s928；来源：WEBpatente definiz.js
s929,segnale di senso vietato integrato con pannello di eccezione,禁止驶入标志，附例外辅助牌。,交通标志与图形 - 辅助牌,https://www.rmastri.it/42/immagini/s929.gif,rmastri.it,https://www.rmastri.it/42/immagini/s929.gif,external image link; needs manual verification before commercial use,unverified_external_link,needs_review,图形编号 s929；来源：WEBpatente definiz.js；需人工校对；review_flags: manual_check
s930,segnale di divieto di sorpasso integrato con pannello di continuazione,禁止超车标志，附加连续适用辅助牌。,交通标志与图形 - 辅助牌,https://www.rmastri.it/42/immagini/s930.gif,rmastri.it,https://www.rmastri.it/42/immagini/s930.gif,external image link; needs manual verification before commercial use,unverified_external_link,imported_from_words,图形编号 s930；来源：WEBpatente definiz.js
s931,segnale di divieto di sorpasso integrato con pannello di fine,禁止超车标志，附加结束辅助牌。,交通标志与图形 - 辅助牌,https://www.rmastri.it/42/immagini/s931.gif,rmastri.it,https://www.rmastri.it/42/immagini/s931.gif,external image link; needs manual verification before commercial use,unverified_external_link,imported_from_words,图形编号 s931；来源：WEBpatente definiz.js
s932,segnale di divieto di sorpasso e pannello integrativo continuazione,禁止超车标志和连续适用辅助牌。,交通标志与图形 - 辅助牌,https://www.rmastri.it/42/immagini/s932.gif,rmastri.it,https://www.rmastri.it/42/immagini/s932.gif,external image link; needs manual verification before commercial use,unverified_external_link,imported_from_words,图形编号 s932；来源：WEBpatente definiz.js
s933,segnale di limite massimo di velocita’ integrato con pannello di continuazione,最高限速标志，附加连续适用辅助牌。,交通标志与图形 - 辅助牌,https://www.rmastri.it/42/immagini/s933.gif,rmastri.it,https://www.rmastri.it/42/immagini/s933.gif,external image link; needs manual verification before commercial use,unverified_external_link,imported_from_words,图形编号 s933；来源：WEBpatente definiz.js
s934,segnale di divieto di segnalazioni acustiche integrato con pannello fascia oraria di tutti i giorni,禁止鸣喇叭标志，附加每天适用的时间段。,交通标志与图形 - 辅助牌,https://www.rmastri.it/42/immagini/s934.gif,rmastri.it,https://www.rmastri.it/42/immagini/s934.gif,external image link; needs manual verification before commercial use,unverified_external_link,imported_from_words,图形编号 s934；来源：WEBpatente definiz.js
s935,segnale di divieto di transito ai motocicli integrato con pannello fascia oraria di tutti i giorni,禁止摩托车通行标志，附加每天适用的时间段。,交通标志与图形 - 辅助牌,https://www.rmastri.it/42/immagini/s935.gif,rmastri.it,https://www.rmastri.it/42/immagini/s935.gif,external image link; needs manual verification before commercial use,unverified_external_link,imported_from_words,图形编号 s935；来源：WEBpatente definiz.js
s936,segnale di divieto di transito ai motocicli integrato con pannello fascia oraria dei giorni festivi,禁止摩托车通行标志，附加节假日适用的时间段。,交通标志与图形 - 辅助牌,https://www.rmastri.it/42/immagini/s936.gif,rmastri.it,https://www.rmastri.it/42/immagini/s936.gif,external image link; needs manual verification before commercial use,unverified_external_link,imported_from_words,图形编号 s936；来源：WEBpatente definiz.js
s937,"segnale di divieto di transito ai veicoli per trasporto merci che superano 3,5 t integrato con pannello fascia oraria dei giorni lavorativi",禁止超过3.5吨的货运车辆通行，附工作日时段辅助牌。,交通标志与图形 - 辅助牌,https://www.rmastri.it/42/immagini/s937.gif,rmastri.it,https://www.rmastri.it/42/immagini/s937.gif,external image link; needs manual verification before commercial use,unverified_external_link,needs_review,图形编号 s937；来源：WEBpatente definiz.js；需人工校对；review_flags: manual_check
s938,segnale di divieto di sosta integrato con pannello fascia oraria dei giorni festivi,禁止停车标志，附加节假日适用的时间段。,交通标志与图形 - 辅助牌,https://www.rmastri.it/42/immagini/s938.gif,rmastri.it,https://www.rmastri.it/42/immagini/s938.gif,external image link; needs manual verification before commercial use,unverified_external_link,imported_from_words,图形编号 s938；来源：WEBpatente definiz.js
s939,segnale di divieto di sosta integrato con pannello di continuazione,禁止停车标志，附加连续适用辅助牌。,交通标志与图形 - 辅助牌,https://www.rmastri.it/42/immagini/s939.gif,rmastri.it,https://www.rmastri.it/42/immagini/s939.gif,external image link; needs manual verification before commercial use,unverified_external_link,imported_from_words,图形编号 s939；来源：WEBpatente definiz.js
s940,segnale di divieto di sosta integrato con pannello di inizio,禁止停车标志，附加开始辅助牌。,交通标志与图形 - 辅助牌,https://www.rmastri.it/42/immagini/s940.gif,rmastri.it,https://www.rmastri.it/42/immagini/s940.gif,external image link; needs manual verification before commercial use,unverified_external_link,imported_from_words,图形编号 s940；来源：WEBpatente definiz.js
s941,segnale di divieto di sosta integrato con pannello di limitazione,禁止停车标志，附加限制条件辅助牌。,交通标志与图形 - 辅助牌,https://www.rmastri.it/42/immagini/s941.gif,rmastri.it,https://www.rmastri.it/42/immagini/s941.gif,external image link; needs manual verification before commercial use,unverified_external_link,needs_review,图形编号 s941；来源：WEBpatente definiz.js；需人工校对；review_flags: manual_check
s942,segnale di divieto di sosta integrato con pannello zona rimozione coatta,禁止停车标志，附加强制拖车区域辅助牌。,交通标志与图形 - 辅助牌,https://www.rmastri.it/42/immagini/s942.gif,rmastri.it,https://www.rmastri.it/42/immagini/s942.gif,external image link; needs manual verification before commercial use,unverified_external_link,imported_from_words,图形编号 s942；来源：WEBpatente definiz.js
s943,segnale di divieto di sosta integrato con pannello fascia oraria di tutti i giorni,禁止停车标志，附加每天适用的时间段。,交通标志与图形 - 辅助牌,https://www.rmastri.it/42/immagini/s943.gif,rmastri.it,https://www.rmastri.it/42/immagini/s943.gif,external image link; needs manual verification before commercial use,unverified_external_link,imported_from_words,图形编号 s943；来源：WEBpatente definiz.js
s944,segnale di divieto di sosta integrato con pannello di fine,禁止停车标志，附加结束辅助牌。,交通标志与图形 - 辅助牌,https://www.rmastri.it/42/immagini/s944.gif,rmastri.it,https://www.rmastri.it/42/immagini/s944.gif,external image link; needs manual verification before commercial use,unverified_external_link,imported_from_words,图形编号 s944；来源：WEBpatente definiz.js
s945,segnale di divieto di sosta integrato con pannello fascia oraria dei giorni feriali,禁止停车标志，附加工作日适用的时间段。,交通标志与图形 - 辅助牌,https://www.rmastri.it/42/immagini/s945.gif,rmastri.it,https://www.rmastri.it/42/immagini/s945.gif,external image link; needs manual verification before commercial use,unverified_external_link,imported_from_words,图形编号 s945；来源：WEBpatente definiz.js
s946,segnale di divieto di sosta (a) e pannello integrativo fascia oraria dei giorni festivi (b),禁止停车标志（A）和节假日时段辅助牌（B）,交通标志与图形 - 辅助牌,https://www.rmastri.it/42/immagini/s946.gif,rmastri.it,https://www.rmastri.it/42/immagini/s946.gif,external image link; needs manual verification before commercial use,unverified_external_link,imported_from_words,图形编号 s946；来源：WEBpatente definiz.js
s947,segnale di divieto di sosta (a) e pannello integrativo fascia oraria dei giorni feriali (b),禁止停车标志和工作日时间段辅助牌。,交通标志与图形 - 辅助牌,https://www.rmastri.it/42/immagini/s947.gif,rmastri.it,https://www.rmastri.it/42/immagini/s947.gif,external image link; needs manual verification before commercial use,unverified_external_link,imported_from_words,图形编号 s947；来源：WEBpatente definiz.js
s948,segnale di divieto di sosta (a) e pannello integrativo eccezione (b),禁止停车标志和例外情况辅助牌。,交通标志与图形 - 辅助牌,https://www.rmastri.it/42/immagini/s948.gif,rmastri.it,https://www.rmastri.it/42/immagini/s948.gif,external image link; needs manual verification before commercial use,unverified_external_link,needs_review,图形编号 s948；来源：WEBpatente definiz.js；需人工校对；review_flags: manual_check
s949,segnale di divieto di sosta (a) e pannello integrativo continuazione (b),禁止停车标志和连续适用辅助牌。,交通标志与图形 - 辅助牌,https://www.rmastri.it/42/immagini/s949.gif,rmastri.it,https://www.rmastri.it/42/immagini/s949.gif,external image link; needs manual verification before commercial use,unverified_external_link,imported_from_words,图形编号 s949；来源：WEBpatente definiz.js
s950,segnale di divieto di sosta (a) e pannello integrativo zona rimozione coatta (b),禁止停车标志（A）和强制拖移区域辅助牌（B）,交通标志与图形 - 辅助牌,https://www.rmastri.it/42/immagini/s950.gif,rmastri.it,https://www.rmastri.it/42/immagini/s950.gif,external image link; needs manual verification before commercial use,unverified_external_link,imported_from_words,图形编号 s950；来源：WEBpatente definiz.js
s951,segnale di divieto di fermata integrato con pannello di continuazione,禁止临时停车标志，附加连续适用辅助牌。,交通标志与图形 - 辅助牌,https://www.rmastri.it/42/immagini/s951.gif,rmastri.it,https://www.rmastri.it/42/immagini/s951.gif,external image link; needs manual verification before commercial use,unverified_external_link,imported_from_words,图形编号 s951；来源：WEBpatente definiz.js
s952,segnale di divieto di fermata integrato con pannello di fine,禁止临时停车标志，附加结束辅助牌。,交通标志与图形 - 辅助牌,https://www.rmastri.it/42/immagini/s952.gif,rmastri.it,https://www.rmastri.it/42/immagini/s952.gif,external image link; needs manual verification before commercial use,unverified_external_link,imported_from_words,图形编号 s952；来源：WEBpatente definiz.js
s953,segnale di divieto di fermata integrato con pannello di inizio,禁止临时停车标志，附加开始辅助牌。,交通标志与图形 - 辅助牌,https://www.rmastri.it/42/immagini/s953.gif,rmastri.it,https://www.rmastri.it/42/immagini/s953.gif,external image link; needs manual verification before commercial use,unverified_external_link,imported_from_words,图形编号 s953；来源：WEBpatente definiz.js
s954,segnale di divieto di fermata integrato con pannello di eccezione,禁止临时停车标志，附加例外情况辅助牌。,交通标志与图形 - 辅助牌,https://www.rmastri.it/42/immagini/s954.gif,rmastri.it,https://www.rmastri.it/42/immagini/s954.gif,external image link; needs manual verification before commercial use,unverified_external_link,needs_review,图形编号 s954；来源：WEBpatente definiz.js；需人工校对；review_flags: manual_check
s955,segnale di divieto di fermata (a) e pannello integrativo fine (b),禁止临时停车标志（A）和结束辅助牌（B）,交通标志与图形 - 辅助牌,https://www.rmastri.it/42/immagini/s955.gif,rmastri.it,https://www.rmastri.it/42/immagini/s955.gif,external image link; needs manual verification before commercial use,unverified_external_link,imported_from_words,图形编号 s955；来源：WEBpatente definiz.js
s956,segnale di parcheggio integrato con pannello di continuazione,停车场标志，附加连续适用辅助牌。,交通标志与图形 - 辅助牌,https://www.rmastri.it/42/immagini/s956.gif,rmastri.it,https://www.rmastri.it/42/immagini/s956.gif,external image link; needs manual verification before commercial use,unverified_external_link,imported_from_words,图形编号 s956；来源：WEBpatente definiz.js
s957,segnale di parcheggio integrato con pannello di fine,停车场标志，附加结束辅助牌。,交通标志与图形 - 辅助牌,https://www.rmastri.it/42/immagini/s957.gif,rmastri.it,https://www.rmastri.it/42/immagini/s957.gif,external image link; needs manual verification before commercial use,unverified_external_link,imported_from_words,图形编号 s957；来源：WEBpatente definiz.js
s958,segnale di parcheggio integrato con pannello di inizio,停车场标志，附加开始辅助牌。,交通标志与图形 - 辅助牌,https://www.rmastri.it/42/immagini/s958.gif,rmastri.it,https://www.rmastri.it/42/immagini/s958.gif,external image link; needs manual verification before commercial use,unverified_external_link,imported_from_words,图形编号 s958；来源：WEBpatente definiz.js
s959,segnale di parcheggio integrato con pannello di inizio,停车场标志，附加开始辅助牌。,交通标志与图形 - 辅助牌,https://www.rmastri.it/42/immagini/s959.gif,rmastri.it,https://www.rmastri.it/42/immagini/s959.gif,external image link; needs manual verification before commercial use,unverified_external_link,needs_review,图形编号 s959；来源：WEBpatente definiz.js；需人工校对；review_flags: manual_check
s960,segnale di parcheggio integrato con pannello fascia oraria dei giorni festivi,停车场标志，附加节假日适用的时间段。,交通标志与图形 - 辅助牌,https://www.rmastri.it/42/immagini/s960.gif,rmastri.it,https://www.rmastri.it/42/immagini/s960.gif,external image link; needs manual verification before commercial use,unverified_external_link,imported_from_words,图形编号 s960；来源：WEBpatente definiz.js
s961,segnale di parcheggio integrato con pannello fascia oraria dei giorni lavorativi,停车场标志，附加工作日适用的时间段。,交通标志与图形 - 辅助牌,https://www.rmastri.it/42/immagini/s961.gif,rmastri.it,https://www.rmastri.it/42/immagini/s961.gif,external image link; needs manual verification before commercial use,unverified_external_link,imported_from_words,图形编号 s961；来源：WEBpatente definiz.js
s962,segnale di parcheggio integrato con pannello di eccezione,停车场标志，附加例外情况辅助牌。,交通标志与图形 - 辅助牌,https://www.rmastri.it/42/immagini/s962.gif,rmastri.it,https://www.rmastri.it/42/immagini/s962.gif,external image link; needs manual verification before commercial use,unverified_external_link,needs_review,图形编号 s962；来源：WEBpatente definiz.js；需人工校对；review_flags: manual_check
s963,segnale di percorso pedonale integrato con pannello di inizio,步行路径标志，附加开始辅助牌。,交通标志与图形 - 辅助牌,https://www.rmastri.it/42/immagini/s963.gif,rmastri.it,https://www.rmastri.it/42/immagini/s963.gif,external image link; needs manual verification before commercial use,unverified_external_link,imported_from_words,图形编号 s963；来源：WEBpatente definiz.js
s964,segnale di percorso pedonale integrato con pannello fascia oraria dei giorni festivi,步行路径标志，附加节假日适用的时间段。,交通标志与图形 - 辅助牌,https://www.rmastri.it/42/immagini/s964.gif,rmastri.it,https://www.rmastri.it/42/immagini/s964.gif,external image link; needs manual verification before commercial use,unverified_external_link,imported_from_words,图形编号 s964；来源：WEBpatente definiz.js
s965,segnale di pista ciclabile integrato con pannello fascia oraria dei giorni festivi,自行车道标志，附加节假日适用的时间段。,交通标志与图形 - 辅助牌,https://www.rmastri.it/42/immagini/s965.gif,rmastri.it,https://www.rmastri.it/42/immagini/s965.gif,external image link; needs manual verification before commercial use,unverified_external_link,imported_from_words,图形编号 s965；来源：WEBpatente definiz.js
s966,pannello integrativo fascia oraria di tutti i giorni (a) e segnale di divieto di transito ai pedoni (b),每日时段辅助牌（A）和禁止行人通行标志（B）,交通标志与图形 - 辅助牌,https://www.rmastri.it/42/immagini/s966.gif,rmastri.it,https://www.rmastri.it/42/immagini/s966.gif,external image link; needs manual verification before commercial use,unverified_external_link,imported_from_words,图形编号 s966；来源：WEBpatente definiz.js
s967,segnale di senso vietato integrato con pannello di eccezione,禁止驶入标志，附例外辅助牌。,交通标志与图形 - 辅助牌,https://www.rmastri.it/42/immagini/s967.gif,rmastri.it,https://www.rmastri.it/42/immagini/s967.gif,external image link; needs manual verification before commercial use,unverified_external_link,needs_review,图形编号 s967；来源：WEBpatente definiz.js；需人工校对；review_flags: manual_check
s968,segnale di salita ripida con pendenza del 10% integrato con pannello autocarri in rallentamento,10%陡坡上坡标志，附加货车减速辅助牌。,交通标志与图形 - 辅助牌,https://www.rmastri.it/42/immagini/s968.gif,rmastri.it,https://www.rmastri.it/42/immagini/s968.gif,external image link; needs manual verification before commercial use,unverified_external_link,needs_review,图形编号 s968；来源：WEBpatente definiz.js；需人工校对；review_flags: manual_check
s969,segnale di fermata scuolabus integrato con pannello fascia oraria di tutti i giorni,校车停靠标志，附加每天适用的时间段。,交通标志与图形 - 辅助牌,https://www.rmastri.it/42/immagini/s969.gif,rmastri.it,https://www.rmastri.it/42/immagini/s969.gif,external image link; needs manual verification before commercial use,unverified_external_link,imported_from_words,图形编号 s969；来源：WEBpatente definiz.js
s970,segnale di lavori in corso integrato con pannello di fine,道路施工标志，附加结束辅助牌。,交通标志与图形 - 辅助牌,https://www.rmastri.it/42/immagini/s970.gif,rmastri.it,https://www.rmastri.it/42/immagini/s970.gif,external image link; needs manual verification before commercial use,unverified_external_link,imported_from_words,图形编号 s970；来源：WEBpatente definiz.js
s971,segnali di rotatoria (a) e di preavviso di circolazione rotatoria (b),环岛标志和环岛通行预告标志。,交通标志与图形 - 辅助牌,https://www.rmastri.it/42/immagini/s971.gif,rmastri.it,https://www.rmastri.it/42/immagini/s971.gif,external image link; needs manual verification before commercial use,unverified_external_link,imported_from_words,图形编号 s971；来源：WEBpatente definiz.js
s972,segnale di diritto di precedenza (a) e pannello integrativo andamento della strada principale (b),优先通行权标志和主路走向辅助牌。,交通标志与图形 - 辅助牌,https://www.rmastri.it/42/immagini/s972.gif,rmastri.it,https://www.rmastri.it/42/immagini/s972.gif,external image link; needs manual verification before commercial use,unverified_external_link,imported_from_words,图形编号 s972；来源：WEBpatente definiz.js
