chapter,italian,chinese,pronunciation,example_it,example_zh,note,image,source_name,source_url,license_note,copyright_status,word_id
道路标志,segnale,标志,sen-YA-le,Rispettare sempre il segnale stradale.,必须始终遵守道路标志。,通用词,,,,,no_image,WORD_000001
道路标志,segnale di pericolo,危险标志,sen-YA-le di pe-RI-ko-lo,Il segnale di pericolo avvisa di una situazione rischiosa.,危险标志提醒前方有风险情况。,三角形常见,,,,,no_image,WORD_000002
道路标志,segnale di divieto,禁止标志,sen-YA-le di di-VYE-to,Il segnale di divieto vieta un comportamento.,禁止标志表示某种行为被禁止。,圆形常见,,,,,no_image,WORD_000003
道路标志,segnale di obbligo,强制标志,sen-YA-le di ob-BLI-go,Il segnale di obbligo impone una direzione o un comportamento.,强制标志要求某个方向或行为。,圆形蓝底常见,,,,,no_image,WORD_000004
道路标志,precedenza,优先通行权,pre-che-DEN-tsa,Dare precedenza ai veicoli provenienti da destra.,给右侧来车让行。,考试高频,,,,,no_image,WORD_000005
道路标志,stop,停车让行。,stop,Al segnale di stop bisogna fermarsi.,遇到停车让行标志时，车辆必须完全停下并让有优先权的车辆先行。,基础词条；原文含停车让行标志说明。,,,,,no_image,WORD_000006
道路标志,senso vietato,禁止驶入,SEN-so vye-TA-to,Il senso vietato non consente l'accesso ai veicoli.,禁止驶入不允许车辆进入。,注意和禁行区别,,,,,no_image,WORD_000007
道路标志,senso unico,单行道,SEN-so U-ni-ko,In una strada a senso unico si circola in una sola direzione.,单行道只能按一个方向行驶。,,,,,,no_image,WORD_000008
道路标志,attraversamento pedonale,人行横道,at-tra-ver-sa-MEN-to pe-do-NA-le,Rallentare vicino all'attraversamento pedonale.,接近人行横道要减速。,行人优先,,,,,no_image,WORD_000009
道路标志,rotatoria,环岛,ro-ta-TO-ria,Nella rotatoria bisogna rispettare la precedenza.,在环岛内要遵守优先规则。,,,,,,no_image,WORD_000010
行驶规则,corsia,车道,KOR-sia,La corsia di emergenza non deve essere usata senza motivo.,非必要不得使用应急车道。,,,,,,no_image,WORD_000011
行驶规则,carreggiata,车行道,kar-red-DJA-ta,La carreggiata e' la parte della strada destinata ai veicoli.,车行道是道路中供车辆行驶的部分。,,,,,,no_image,WORD_000012
行驶规则,incrocio,交叉路口,in-KRO-cho,All'incrocio bisogna moderare la velocita'.,到交叉路口必须控制速度。,,,,,,no_image,WORD_000013
行驶规则,sorpasso,超车,sor-PAS-so,Il sorpasso e' vietato in condizioni di scarsa visibilita'.,视线不良时禁止超车。,高频规则,,,,,no_image,WORD_000014
行驶规则,distanza di sicurezza,安全距离,di-STAN-tsa di si-ku-RET-tsa,Mantenere la distanza di sicurezza dal veicolo che precede.,与前车保持安全距离。,,,,,,no_image,WORD_000015
行驶规则,velocita',速度,ve-lo-chi-TA,La velocita' deve essere adeguata alle condizioni della strada.,速度必须适应道路情况。,,,,,,no_image,WORD_000016
行驶规则,limite di velocita',限速,LI-mi-te di ve-lo-chi-TA,Il limite di velocita' non deve essere superato.,不得超过限速。,,,,,,no_image,WORD_000017
行驶规则,frenata,制动 / 刹车,fre-NA-ta,Una frenata brusca puo' causare pericolo.,急刹车可能造成危险。,,,,,,no_image,WORD_000018
行驶规则,svolta,转弯,ZVOL-ta,Prima della svolta bisogna segnalare la manovra.,转弯前必须示意操作。,,,,,,no_image,WORD_000019
行驶规则,retromarcia,倒车,re-tro-MAR-cha,La retromarcia deve essere effettuata con prudenza.,倒车必须谨慎进行。,,,,,,no_image,WORD_000020
安全与风险,prudenza,谨慎,pru-DEN-tsa,Guidare con prudenza riduce il rischio di incidenti.,谨慎驾驶可以降低事故风险。,,,,,,no_image,WORD_000021
安全与风险,pericolo,危险,pe-RI-ko-lo,In caso di pericolo bisogna rallentare.,遇到危险时要减速。,,,,,,no_image,WORD_000022
安全与风险,incidente,事故,in-chi-DEN-te,Dopo un incidente bisogna prestare soccorso.,事故后必须提供救助。,,,,,,no_image,WORD_000023
安全与风险,soccorso,救助,sok-KOR-so,Omettere il soccorso e' un comportamento grave.,不提供救助是严重行为。,,,,,,no_image,WORD_000024
安全与风险,visibilita',能见度,vi-zi-bi-li-TA,Con scarsa visibilita' bisogna accendere le luci.,能见度低时必须开灯。,,,,,,no_image,WORD_000025
安全与风险,aderenza,附着力 / 抓地力,a-de-REN-tsa,La pioggia riduce l'aderenza degli pneumatici.,雨水会降低轮胎抓地力。,,,,,,no_image,WORD_000026
安全与风险,aquaplaning,水滑,A-kwa-pla-ning,L'aquaplaning puo' far perdere il controllo del veicolo.,水滑可能导致车辆失控。,,,,,,no_image,WORD_000027
安全与风险,stanchezza,疲劳,stan-KET-tsa,La stanchezza diminuisce l'attenzione alla guida.,疲劳会降低驾驶注意力。,,,,,,no_image,WORD_000028
安全与风险,alcool,酒精,AL-kol,Guidare sotto l'effetto dell'alcool e' vietato.,酒后驾驶是禁止的。,,,,,,no_image,WORD_000029
安全与风险,cintura di sicurezza,安全带,chin-TU-ra di si-ku-RET-tsa,La cintura di sicurezza deve essere sempre allacciata.,必须始终系好安全带。,,,,,,no_image,WORD_000030
车辆部件,fari,车灯,FA-ri,Accendere i fari quando la visibilita' e' ridotta.,能见度降低时打开车灯。,,,,,,no_image,WORD_000031
车辆部件,indicatori di direzione,转向灯,in-di-ka-TO-ri di di-re-TSYO-ne,Gli indicatori di direzione segnalano la manovra.,转向灯用于提示驾驶操作。,也叫 frecce,,,,,no_image,WORD_000032
车辆部件,pneumatici,轮胎,pneu-MA-ti-chi,Controllare periodicamente la pressione degli pneumatici.,定期检查轮胎气压。,,,,,,no_image,WORD_000033
车辆部件,freni,刹车系统,FRE-ni,I freni devono essere sempre efficienti.,刹车系统必须始终有效。,,,,,,no_image,WORD_000034
车辆部件,specchietti,后视镜,spek-KYET-ti,Regolare gli specchietti prima di partire.,出发前调整后视镜。,,,,,,no_image,WORD_000035
车辆部件,clacson,喇叭,KLAK-son,Il clacson si usa solo in caso di necessita'.,喇叭只在必要时使用。,,,,,,no_image,WORD_000036
车辆部件,targa,车牌,TAR-ga,La targa deve essere leggibile.,车牌必须清晰可读。,,,,,,no_image,WORD_000037
车辆部件,assicurazione,保险,as-si-ku-ra-TSYO-ne,Il veicolo deve avere assicurazione valida.,车辆必须有有效保险。,,,,,,no_image,WORD_000038
车辆部件,revisione,年检 / 车辆检查,re-vi-ZYO-ne,La revisione periodica e' obbligatoria.,定期年检是强制的。,,,,,,no_image,WORD_000039
车辆部件,patente,驾照,pa-TEN-te,La patente deve essere valida per guidare.,驾驶时驾照必须有效。,,,,,,no_image,WORD_000040
交通参与者,pedone,行人,pe-DO-ne,Il pedone ha precedenza sulle strisce pedonali.,行人在斑马线上有优先权。,,,,,,no_image,WORD_000041
交通参与者,ciclista,骑自行车者,chi-KLI-sta,Il ciclista deve rispettare le norme della circolazione.,骑自行车者必须遵守交通规则。,,,,,,no_image,WORD_000042
交通参与者,motociclista,摩托车驾驶者,mo-to-chi-KLI-sta,Il motociclista deve indossare il casco.,摩托车驾驶者必须戴头盔。,,,,,,no_image,WORD_000043
交通参与者,passeggero,乘客,pas-sed-DJE-ro,Il passeggero deve usare la cintura quando prevista.,乘客在规定情况下必须系安全带。,,,,,,no_image,WORD_000044
交通参与者,conducente,驾驶员,kon-du-CHEN-te,Il conducente e' responsabile della sicurezza del veicolo.,驾驶员对车辆安全负责。,,,,,,no_image,WORD_000045
交通参与者,veicolo,车辆,VE-i-ko-lo,Ogni veicolo deve rispettare le regole della circolazione.,每辆车都必须遵守交通规则。,,,,,,no_image,WORD_000046
交通参与者,ambulanza,救护车,am-bu-LAN-tsa,Bisogna agevolare il passaggio dell'ambulanza in servizio.,必须方便执行任务的救护车通行。,,,,,,no_image,WORD_000047
交通参与者,autobus,公交车,AU-to-bus,Fare attenzione agli autobus in fermata.,注意停靠中的公交车。,,,,,,no_image,WORD_000048
交通参与者,autocarro,货车,au-to-KAR-ro,L'autocarro puo' avere spazi di frenata piu' lunghi.,货车制动距离可能更长。,,,,,,no_image,WORD_000049
交通参与者,scuolabus,校车,SKWO-la-bus,Prestare attenzione vicino a uno scuolabus fermo.,靠近停下的校车时要注意。,,,,,,no_image,WORD_000050
交通标志与图形 - 危险标志,strada deformata o dissestata,路面变形或损坏,,Figura n. 1: strada deformata o dissestata.,图形 1 表示：路面变形或损坏。,图形编号 s1；来源：WEBpatente definiz.js,https://www.rmastri.it/42/immagini/s1.gif,rmastri.it,https://www.rmastri.it/42/immagini/s1.gif,external image link; needs manual verification before commercial use,unverified_external_link,WORD_000051
交通标志与图形 - 危险标志,dosso,凸起路面 / 坡顶,,Figura n. 2: dosso.,图形 2 表示：凸起路面 / 坡顶。,图形编号 s2；来源：WEBpatente definiz.js,https://www.rmastri.it/42/immagini/s2.gif,rmastri.it,https://www.rmastri.it/42/immagini/s2.gif,external image link; needs manual verification before commercial use,unverified_external_link,WORD_000052
交通标志与图形 - 危险标志,cunetta,凹陷路面 / 路面下凹,,Figura n. 3: cunetta.,图形 3 表示：凹陷路面 / 路面下凹。,图形编号 s3；来源：WEBpatente definiz.js,https://www.rmastri.it/42/immagini/s3.gif,rmastri.it,https://www.rmastri.it/42/immagini/s3.gif,external image link; needs manual verification before commercial use,unverified_external_link,WORD_000053
交通标志与图形 - 危险标志,curva a destra,右弯,,Figura n. 4: curva a destra.,图形 4 表示：右弯。,图形编号 s4；来源：WEBpatente definiz.js,https://www.rmastri.it/42/immagini/s4.gif,rmastri.it,https://www.rmastri.it/42/immagini/s4.gif,external image link; needs manual verification before commercial use,unverified_external_link,WORD_000054
交通标志与图形 - 危险标志,curva a sinistra,左弯,,Figura n. 5: curva a sinistra.,图形 5 表示：左弯。,图形编号 s5；来源：WEBpatente definiz.js,https://www.rmastri.it/42/immagini/s5.gif,rmastri.it,https://www.rmastri.it/42/immagini/s5.gif,external image link; needs manual verification before commercial use,unverified_external_link,WORD_000055
交通标志与图形 - 危险标志,"doppia curva, la prima a destra",连续弯道，第一个向右,,"Figura n. 6: doppia curva, la prima a destra.",图形 6 表示：连续弯道，第一个向右。,图形编号 s6；来源：WEBpatente definiz.js,https://www.rmastri.it/42/immagini/s6.gif,rmastri.it,https://www.rmastri.it/42/immagini/s6.gif,external image link; needs manual verification before commercial use,unverified_external_link,WORD_000056
交通标志与图形 - 危险标志,"doppia curva, la prima a sinistra",连续弯道，第一个向左,,"Figura n. 7: doppia curva, la prima a sinistra.",图形 7 表示：连续弯道，第一个向左。,图形编号 s7；来源：WEBpatente definiz.js,https://www.rmastri.it/42/immagini/s7.gif,rmastri.it,https://www.rmastri.it/42/immagini/s7.gif,external image link; needs manual verification before commercial use,unverified_external_link,WORD_000057
交通标志与图形 - 危险标志,passaggio a livello con barriere o semibarriere,有栏杆或半栏杆的铁路平交道口,,Figura n. 8: passaggio a livello con barriere o semibarriere.,图形 8 表示：有栏杆或半栏杆的铁路平交道口。,图形编号 s8；来源：WEBpatente definiz.js,https://www.rmastri.it/42/immagini/s8.gif,rmastri.it,https://www.rmastri.it/42/immagini/s8.gif,external image link; needs manual verification before commercial use,unverified_external_link,WORD_000058
交通标志与图形 - 危险标志,passaggio a livello senza barriere,无栏杆铁路平交道口,,Figura n. 9: passaggio a livello senza barriere.,图形 9 表示：无栏杆铁路平交道口。,图形编号 s9；来源：WEBpatente definiz.js,https://www.rmastri.it/42/immagini/s9.gif,rmastri.it,https://www.rmastri.it/42/immagini/s9.gif,external image link; needs manual verification before commercial use,unverified_external_link,WORD_000059
交通标志与图形 - 危险标志,croce di s. andrea,圣安德烈十字标志,,Figura n. 10: croce di s. andrea.,图形 10 表示：圣安德烈十字标志。,图形编号 s10；来源：WEBpatente definiz.js,https://www.rmastri.it/42/immagini/s10.gif,rmastri.it,https://www.rmastri.it/42/immagini/s10.gif,external image link; needs manual verification before commercial use,unverified_external_link,WORD_000060
交通标志与图形 - 危险标志,doppia croce di s. andrea,双圣安德烈十字标志,,Figura n. 11: doppia croce di s. andrea.,图形 11 表示：双圣安德烈十字标志。,图形编号 s11；来源：WEBpatente definiz.js,https://www.rmastri.it/42/immagini/s11.gif,rmastri.it,https://www.rmastri.it/42/immagini/s11.gif,external image link; needs manual verification before commercial use,unverified_external_link,WORD_000061
交通标志与图形 - 危险标志,pannelli distanziometrici,距离提示板,,Figura n. 13: pannelli distanziometrici.,图形 13 表示：距离提示板。,图形编号 s13；来源：WEBpatente definiz.js,https://www.rmastri.it/42/immagini/s13.gif,rmastri.it,https://www.rmastri.it/42/immagini/s13.gif,external image link; needs manual verification before commercial use,unverified_external_link,WORD_000062
交通标志与图形 - 危险标志,attraversamento tranviario,有轨电车横穿,,Figura n. 14: attraversamento tranviario.,图形 14 表示：有轨电车横穿。,图形编号 s14；来源：WEBpatente definiz.js,https://www.rmastri.it/42/immagini/s14.gif,rmastri.it,https://www.rmastri.it/42/immagini/s14.gif,external image link; needs manual verification before commercial use,unverified_external_link,WORD_000063
交通标志与图形 - 危险标志,attraversamento pedonale,人行横道,,Figura n. 15: attraversamento pedonale.,图形 15 表示：人行横道。,图形编号 s15；来源：WEBpatente definiz.js,https://www.rmastri.it/42/immagini/s15.gif,rmastri.it,https://www.rmastri.it/42/immagini/s15.gif,external image link; needs manual verification before commercial use,unverified_external_link,WORD_000064
交通标志与图形 - 危险标志,attraversamento ciclabile,自行车横道,,Figura n. 16: attraversamento ciclabile.,图形 16 表示：自行车横道。,图形编号 s16；来源：WEBpatente definiz.js,https://www.rmastri.it/42/immagini/s16.gif,rmastri.it,https://www.rmastri.it/42/immagini/s16.gif,external image link; needs manual verification before commercial use,unverified_external_link,WORD_000065
交通标志与图形 - 危险标志,discesa pericolosa con pendenza del 10 %,10% 危险下坡,,Figura n. 17: discesa pericolosa con pendenza del 10 %.,图形 17 表示：10% 危险下坡。,图形编号 s17；来源：WEBpatente definiz.js,https://www.rmastri.it/42/immagini/s17.gif,rmastri.it,https://www.rmastri.it/42/immagini/s17.gif,external image link; needs manual verification before commercial use,unverified_external_link,WORD_000066
交通标志与图形 - 危险标志,salita ripida con pendenza del 10 %,10% 陡上坡,,Figura n. 18: salita ripida con pendenza del 10 %.,图形 18 表示：10% 陡上坡。,图形编号 s18；来源：WEBpatente definiz.js,https://www.rmastri.it/42/immagini/s18.gif,rmastri.it,https://www.rmastri.it/42/immagini/s18.gif,external image link; needs manual verification before commercial use,unverified_external_link,WORD_000067
交通标志与图形 - 危险标志,strettoia simmetrica,道路两侧变窄,,Figura n. 19: strettoia simmetrica.,图形 19 表示：道路两侧变窄。,图形编号 s19；来源：WEBpatente definiz.js,https://www.rmastri.it/42/immagini/s19.gif,rmastri.it,https://www.rmastri.it/42/immagini/s19.gif,external image link; needs manual verification before commercial use,unverified_external_link,WORD_000068
交通标志与图形 - 危险标志,strettoia asimmetrica a sinistra,左侧道路变窄,,Figura n. 20: strettoia asimmetrica a sinistra.,图形 20 表示：左侧道路变窄。,图形编号 s20；来源：WEBpatente definiz.js,https://www.rmastri.it/42/immagini/s20.gif,rmastri.it,https://www.rmastri.it/42/immagini/s20.gif,external image link; needs manual verification before commercial use,unverified_external_link,WORD_000069
交通标志与图形 - 危险标志,strettoia asimmetrica a destra,右侧道路变窄,,Figura n. 21: strettoia asimmetrica a destra.,图形 21 表示：右侧道路变窄。,图形编号 s21；来源：WEBpatente definiz.js,https://www.rmastri.it/42/immagini/s21.gif,rmastri.it,https://www.rmastri.it/42/immagini/s21.gif,external image link; needs manual verification before commercial use,unverified_external_link,WORD_000070
交通标志与图形 - 危险标志,ponte mobile,活动桥,,Figura n. 22: ponte mobile.,图形 22 表示：活动桥。,图形编号 s22；来源：WEBpatente definiz.js,https://www.rmastri.it/42/immagini/s22.gif,rmastri.it,https://www.rmastri.it/42/immagini/s22.gif,external image link; needs manual verification before commercial use,unverified_external_link,WORD_000071
交通标志与图形 - 危险标志,banchina cedevole o non praticabile,路肩松软或不可通行,,Figura n. 23: banchina cedevole o non praticabile.,图形 23 表示：路肩松软或不可通行。,图形编号 s23；来源：WEBpatente definiz.js,https://www.rmastri.it/42/immagini/s23.gif,rmastri.it,https://www.rmastri.it/42/immagini/s23.gif,external image link; needs manual verification before commercial use,unverified_external_link,WORD_000072
交通标志与图形 - 危险标志,strada sdrucciolevole,路面湿滑,,Figura n. 24: strada sdrucciolevole.,图形 24 表示：路面湿滑。,图形编号 s24；来源：WEBpatente definiz.js,https://www.rmastri.it/42/immagini/s24.gif,rmastri.it,https://www.rmastri.it/42/immagini/s24.gif,external image link; needs manual verification before commercial use,unverified_external_link,WORD_000073
交通标志与图形 - 危险标志,attenzione ai bambini,注意儿童,,Figura n. 25: attenzione ai bambini.,图形 25 表示：注意儿童。,图形编号 s25；来源：WEBpatente definiz.js,https://www.rmastri.it/42/immagini/s25.gif,rmastri.it,https://www.rmastri.it/42/immagini/s25.gif,external image link; needs manual verification before commercial use,unverified_external_link,WORD_000074
交通标志与图形 - 危险标志,attenzione agli animali domestici,注意家畜,,Figura n. 26: attenzione agli animali domestici.,图形 26 表示：注意家畜。,图形编号 s26；来源：WEBpatente definiz.js,https://www.rmastri.it/42/immagini/s26.gif,rmastri.it,https://www.rmastri.it/42/immagini/s26.gif,external image link; needs manual verification before commercial use,unverified_external_link,WORD_000075
交通标志与图形 - 危险标志,attenzione agli animali selvatici,注意野生动物,,Figura n. 27: attenzione agli animali selvatici.,图形 27 表示：注意野生动物。,图形编号 s27；来源：WEBpatente definiz.js,https://www.rmastri.it/42/immagini/s27.gif,rmastri.it,https://www.rmastri.it/42/immagini/s27.gif,external image link; needs manual verification before commercial use,unverified_external_link,WORD_000076
交通标志与图形 - 危险标志,doppio senso di circolazione,双向通行,,Figura n. 28: doppio senso di circolazione.,图形 28 表示：双向通行。,图形编号 s28；来源：WEBpatente definiz.js,https://www.rmastri.it/42/immagini/s28.gif,rmastri.it,https://www.rmastri.it/42/immagini/s28.gif,external image link; needs manual verification before commercial use,unverified_external_link,WORD_000077
交通标志与图形 - 危险标志,preavviso di circolazione rotatoria,前方环岛预告,,Figura n. 29: preavviso di circolazione rotatoria.,图形 29 表示：前方环岛预告。,图形编号 s29；来源：WEBpatente definiz.js,https://www.rmastri.it/42/immagini/s29.gif,rmastri.it,https://www.rmastri.it/42/immagini/s29.gif,external image link; needs manual verification before commercial use,unverified_external_link,WORD_000078
交通标志与图形 - 危险标志,sbocco su molo o su argine,道路通向码头或堤岸,,Figura n. 30: sbocco su molo o su argine.,图形 30 表示：道路通向码头或堤岸。,图形编号 s30；来源：WEBpatente definiz.js,https://www.rmastri.it/42/immagini/s30.gif,rmastri.it,https://www.rmastri.it/42/immagini/s30.gif,external image link; needs manual verification before commercial use,unverified_external_link,WORD_000079
交通标志与图形 - 危险标志,materiale instabile sulla strada,路面有不稳定物料,,Figura n. 31: materiale instabile sulla strada.,图形 31 表示：路面有不稳定物料。,图形编号 s31；来源：WEBpatente definiz.js,https://www.rmastri.it/42/immagini/s31.gif,rmastri.it,https://www.rmastri.it/42/immagini/s31.gif,external image link; needs manual verification before commercial use,unverified_external_link,WORD_000080
交通标志与图形 - 危险标志,caduta massi da sinistra,左侧落石,,Figura n. 32: caduta massi da sinistra.,图形 32 表示：左侧落石。,图形编号 s32；来源：WEBpatente definiz.js,https://www.rmastri.it/42/immagini/s32.gif,rmastri.it,https://www.rmastri.it/42/immagini/s32.gif,external image link; needs manual verification before commercial use,unverified_external_link,WORD_000081
交通标志与图形 - 危险标志,caduta massi da destra,右侧落石,,Figura n. 33: caduta massi da destra.,图形 33 表示：右侧落石。,图形编号 s33；来源：WEBpatente definiz.js,https://www.rmastri.it/42/immagini/s33.gif,rmastri.it,https://www.rmastri.it/42/immagini/s33.gif,external image link; needs manual verification before commercial use,unverified_external_link,WORD_000082
交通标志与图形 - 危险标志,preavviso di semaforo verticale,前方竖向交通灯预告,,Figura n. 34: preavviso di semaforo verticale.,图形 34 表示：前方竖向交通灯预告。,图形编号 s34；来源：WEBpatente definiz.js,https://www.rmastri.it/42/immagini/s34.gif,rmastri.it,https://www.rmastri.it/42/immagini/s34.gif,external image link; needs manual verification before commercial use,unverified_external_link,WORD_000083
交通标志与图形 - 危险标志,preavviso di semaforo orizzontale,前方横向交通灯预告,,Figura n. 35: preavviso di semaforo orizzontale.,图形 35 表示：前方横向交通灯预告。,图形编号 s35；来源：WEBpatente definiz.js,https://www.rmastri.it/42/immagini/s35.gif,rmastri.it,https://www.rmastri.it/42/immagini/s35.gif,external image link; needs manual verification before commercial use,unverified_external_link,WORD_000084
交通标志与图形 - 危险标志,aeromobili a bassa quota,低空飞行器,,Figura n. 36: aeromobili a bassa quota.,图形 36 表示：低空飞行器。,图形编号 s36；来源：WEBpatente definiz.js,https://www.rmastri.it/42/immagini/s36.gif,rmastri.it,https://www.rmastri.it/42/immagini/s36.gif,external image link; needs manual verification before commercial use,unverified_external_link,WORD_000085
交通标志与图形 - 危险标志,forte vento laterale,强侧风,,Figura n. 37: forte vento laterale.,图形 37 表示：强侧风。,图形编号 s37；来源：WEBpatente definiz.js,https://www.rmastri.it/42/immagini/s37.gif,rmastri.it,https://www.rmastri.it/42/immagini/s37.gif,external image link; needs manual verification before commercial use,unverified_external_link,WORD_000086
交通标志与图形 - 危险标志,pericolo di incendio,火灾危险,,Figura n. 38: pericolo di incendio.,图形 38 表示：火灾危险。,图形编号 s38；来源：WEBpatente definiz.js,https://www.rmastri.it/42/immagini/s38.gif,rmastri.it,https://www.rmastri.it/42/immagini/s38.gif,external image link; needs manual verification before commercial use,unverified_external_link,WORD_000087
交通标志与图形 - 危险标志,altri pericoli,其他危险,,Figura n. 39: altri pericoli.,图形 39 表示：其他危险。,图形编号 s39；来源：WEBpatente definiz.js,https://www.rmastri.it/42/immagini/s39.gif,rmastri.it,https://www.rmastri.it/42/immagini/s39.gif,external image link; needs manual verification before commercial use,unverified_external_link,WORD_000088
交通标志与图形 - 优先权标志,dare precedenza,让行,,Figura n. 40: dare precedenza.,图形 40 表示：让行。,图形编号 s40；来源：WEBpatente definiz.js,https://www.rmastri.it/42/immagini/s40.gif,rmastri.it,https://www.rmastri.it/42/immagini/s40.gif,external image link; needs manual verification before commercial use,unverified_external_link,WORD_000089
交通标志与图形 - 优先权标志,fermarsi e dare precedenza (stop),停车并让行。,,Figura n. 41: fermarsi e dare precedenza (stop).,图形 41 表示车辆必须停车，并让有优先权的车辆先行。,图形编号 s41；来源：WEBpatente definiz.js,https://www.rmastri.it/42/immagini/s41.gif,rmastri.it,https://www.rmastri.it/42/immagini/s41.gif,external image link; needs manual verification before commercial use,unverified_external_link,WORD_000090
交通标志与图形 - 优先权标志,preavviso di dare precedenza,让行预告,,Figura n. 42: preavviso di dare precedenza.,图形 42 表示：让行预告。,图形编号 s42；来源：WEBpatente definiz.js,https://www.rmastri.it/42/immagini/s42.gif,rmastri.it,https://www.rmastri.it/42/immagini/s42.gif,external image link; needs manual verification before commercial use,unverified_external_link,WORD_000091
交通标志与图形 - 优先权标志,preavviso di fermarsi e dare precedenza (stop),停车让行预告。,,Figura n. 43: preavviso di fermarsi e dare precedenza (stop).,图形 43 表示前方有停车让行标志，需要提前减速准备停车。,图形编号 s43；来源：WEBpatente definiz.js,https://www.rmastri.it/42/immagini/s43.gif,rmastri.it,https://www.rmastri.it/42/immagini/s43.gif,external image link; needs manual verification before commercial use,unverified_external_link,WORD_000092
交通标志与图形 - 优先权标志,intersezione con precedenza a destra,路口右侧来车优先,,Figura n. 44: intersezione con precedenza a destra.,图形 44 表示：路口右侧来车优先。,图形编号 s44；来源：WEBpatente definiz.js,https://www.rmastri.it/42/immagini/s44.gif,rmastri.it,https://www.rmastri.it/42/immagini/s44.gif,external image link; needs manual verification before commercial use,unverified_external_link,WORD_000093
交通标志与图形 - 优先权标志,dare precedenza nei sensi unici alternati,交替单行路段让对向车先行,,Figura n. 45: dare precedenza nei sensi unici alternati.,图形 45 表示：交替单行路段让对向车先行。,图形编号 s45；来源：WEBpatente definiz.js,https://www.rmastri.it/42/immagini/s45.gif,rmastri.it,https://www.rmastri.it/42/immagini/s45.gif,external image link; needs manual verification before commercial use,unverified_external_link,WORD_000094
交通标志与图形 - 优先权标志,fine del diritto di precedenza,优先通行权结束,,Figura n. 46: fine del diritto di precedenza.,图形 46 表示：优先通行权结束。,图形编号 s46；来源：WEBpatente definiz.js,https://www.rmastri.it/42/immagini/s46.gif,rmastri.it,https://www.rmastri.it/42/immagini/s46.gif,external image link; needs manual verification before commercial use,unverified_external_link,WORD_000095
交通标志与图形 - 优先权标志,intersezione con diritto di precedenza,有优先权的交叉路口,,Figura n. 47: intersezione con diritto di precedenza.,图形 47 表示：有优先权的交叉路口。,图形编号 s47；来源：WEBpatente definiz.js,https://www.rmastri.it/42/immagini/s47.gif,rmastri.it,https://www.rmastri.it/42/immagini/s47.gif,external image link; needs manual verification before commercial use,unverified_external_link,WORD_000096
交通标志与图形 - 优先权标志,intersezione a “t” con diritto di precedenza a destra,T 字路口，右侧来车享有优先通行权,,Figura n. 48: intersezione a “t” con diritto di precedenza a destra.,该图形表示：T 字路口，右侧来车享有优先通行权。,图形编号 s48；来源：WEBpatente definiz.js,https://www.rmastri.it/42/immagini/s48.gif,rmastri.it,https://www.rmastri.it/42/immagini/s48.gif,external image link; needs manual verification before commercial use,unverified_external_link,WORD_000097
交通标志与图形 - 优先权标志,intersezione a “t” con diritto di precedenza a sinistra,T 字路口，左侧来车享有优先通行权,,Figura n. 49: intersezione a “t” con diritto di precedenza a sinistra.,该图形表示：T 字路口，左侧来车享有优先通行权。,图形编号 s49；来源：WEBpatente definiz.js,https://www.rmastri.it/42/immagini/s49.gif,rmastri.it,https://www.rmastri.it/42/immagini/s49.gif,external image link; needs manual verification before commercial use,unverified_external_link,WORD_000098
交通标志与图形 - 优先权标志,confluenza a destra,右侧汇入,,Figura n. 50: confluenza a destra.,图形 50 表示：右侧汇入。,图形编号 s50；来源：WEBpatente definiz.js,https://www.rmastri.it/42/immagini/s50.gif,rmastri.it,https://www.rmastri.it/42/immagini/s50.gif,external image link; needs manual verification before commercial use,unverified_external_link,WORD_000099
交通标志与图形 - 优先权标志,confluenza a sinistra,左侧汇入,,Figura n. 51: confluenza a sinistra.,图形 51 表示：左侧汇入。,图形编号 s51；来源：WEBpatente definiz.js,https://www.rmastri.it/42/immagini/s51.gif,rmastri.it,https://www.rmastri.it/42/immagini/s51.gif,external image link; needs manual verification before commercial use,unverified_external_link,WORD_000100
交通标志与图形 - 优先权标志,diritto di precedenza,优先通行权,,Figura n. 52: diritto di precedenza.,图形 52 表示：优先通行权。,图形编号 s52；来源：WEBpatente definiz.js,https://www.rmastri.it/42/immagini/s52.gif,rmastri.it,https://www.rmastri.it/42/immagini/s52.gif,external image link; needs manual verification before commercial use,unverified_external_link,WORD_000101
交通标志与图形 - 优先权标志,diritto di precedenza nei sensi unici alternati,交替单行路段优先通行权,,Figura n. 53: diritto di precedenza nei sensi unici alternati.,图形 53 表示：交替单行路段优先通行权。,图形编号 s53；来源：WEBpatente definiz.js,https://www.rmastri.it/42/immagini/s53.gif,rmastri.it,https://www.rmastri.it/42/immagini/s53.gif,external image link; needs manual verification before commercial use,unverified_external_link,WORD_000102
交通标志与图形 - 禁止标志,divieto di transito da ambo i lati,双向禁止通行,,Figura n. 54: divieto di transito da ambo i lati.,图形 54 表示：双向禁止通行。,图形编号 s54；来源：WEBpatente definiz.js,https://www.rmastri.it/42/immagini/s54.gif,rmastri.it,https://www.rmastri.it/42/immagini/s54.gif,external image link; needs manual verification before commercial use,unverified_external_link,WORD_000103
交通标志与图形 - 禁止标志,senso vietato,禁止驶入,,Figura n. 55: senso vietato.,图形 55 表示：禁止驶入。,图形编号 s55；来源：WEBpatente definiz.js,https://www.rmastri.it/42/immagini/s55.gif,rmastri.it,https://www.rmastri.it/42/immagini/s55.gif,external image link; needs manual verification before commercial use,unverified_external_link,WORD_000104
交通标志与图形 - 禁止标志,divieto di sorpasso: si possono sorpassare solo i veicoli senza motore e quelli a motore con due ruote,禁止超车：只允许超越无发动机车辆和两轮机动车,,Figura n. 56: divieto di sorpasso: si possono sorpassare solo i veicoli senza motore e quelli a motore con due ruote.,该图形表示：禁止超车，但只允许超越无发动机车辆和两轮机动车。,图形编号 s56；来源：WEBpatente definiz.js,https://www.rmastri.it/42/immagini/s56.gif,rmastri.it,https://www.rmastri.it/42/immagini/s56.gif,external image link; needs manual verification before commercial use,unverified_external_link,WORD_000105
交通标志与图形 - 禁止标志,distanziamento minimo obbligatorio di 70 metri dal veicolo che precede,强制最小车距70米。,,Figura n. 57: distanziamento minimo obbligatorio di 70 metri dal veicolo che precede.,车辆必须与前车至少保持70米距离。,图形编号 s57；来源：WEBpatente definiz.js,https://www.rmastri.it/42/immagini/s57.gif,rmastri.it,https://www.rmastri.it/42/immagini/s57.gif,external image link; needs manual verification before commercial use,unverified_external_link,WORD_000106
交通标志与图形 - 禁止标志,limite massimo di velocità di 80 km/h,最高限速 80 km/h。,,Figura n. 58: limite massimo di velocità di 80 km/h.,图形 58 表示最高允许速度为 80 km/h。,图形编号 s58；来源：WEBpatente definiz.js,https://www.rmastri.it/42/immagini/s58.gif,rmastri.it,https://www.rmastri.it/42/immagini/s58.gif,external image link; needs manual verification before commercial use,unverified_external_link,WORD_000107
交通标志与图形 - 禁止标志,divieto di segnalazioni acustiche,禁止鸣笛,,Figura n. 59: divieto di segnalazioni acustiche.,图形 59 表示：禁止鸣笛。,图形编号 s59；来源：WEBpatente definiz.js,https://www.rmastri.it/42/immagini/s59.gif,rmastri.it,https://www.rmastri.it/42/immagini/s59.gif,external image link; needs manual verification before commercial use,unverified_external_link,WORD_000108
交通标志与图形 - 禁止标志,"divieto di sorpasso per veicoli destinati al trasporto di merci (autocarri, autotreni) che superano 3,5 t.",禁止超过3.5吨的货运车辆超车。,,"Figura n. 60: divieto di sorpasso per veicoli destinati al trasporto di merci (autocarri, autotreni) che superano 3,5 t..",超过3.5吨的货车、货车列车等不得在该路段超车。,图形编号 s60；来源：WEBpatente definiz.js,https://www.rmastri.it/42/immagini/s60.gif,rmastri.it,https://www.rmastri.it/42/immagini/s60.gif,external image link; needs manual verification before commercial use,unverified_external_link,WORD_000109
交通标志与图形 - 禁止标志,divieto di transito ai veicoli a trazione animale,禁止畜力车辆通行。,,Figura n. 61: divieto di transito ai veicoli a trazione animale.,图形 61 表示由动物牵引的车辆不得通行。,图形编号 s61；来源：WEBpatente definiz.js,https://www.rmastri.it/42/immagini/s61.gif,rmastri.it,https://www.rmastri.it/42/immagini/s61.gif,external image link; needs manual verification before commercial use,unverified_external_link,WORD_000110
交通标志与图形 - 禁止标志,divieto di transito ai pedoni,禁止行人通行,,Figura n. 62: divieto di transito ai pedoni.,该图形表示：禁止行人通行。,图形编号 s62；来源：WEBpatente definiz.js,https://www.rmastri.it/42/immagini/s62.gif,rmastri.it,https://www.rmastri.it/42/immagini/s62.gif,external image link; needs manual verification before commercial use,unverified_external_link,WORD_000111
交通标志与图形 - 禁止标志,divieto di transito ai velocipedi (biciclette),禁止自行车通行。,,Figura n. 63: divieto di transito ai velocipedi (biciclette).,图形 63 表示自行车不得通行。,图形编号 s63；来源：WEBpatente definiz.js,https://www.rmastri.it/42/immagini/s63.gif,rmastri.it,https://www.rmastri.it/42/immagini/s63.gif,external image link; needs manual verification before commercial use,unverified_external_link,WORD_000112
交通标志与图形 - 禁止标志,divieto di transito ai motocicli,禁止摩托车通行,,Figura n. 64: divieto di transito ai motocicli.,图形 64 表示：禁止：通行 给摩托车。,图形编号 s64；来源：WEBpatente definiz.js,https://www.rmastri.it/42/immagini/s64.gif,rmastri.it,https://www.rmastri.it/42/immagini/s64.gif,external image link; needs manual verification before commercial use,unverified_external_link,WORD_000113
交通标志与图形 - 禁止标志,divieto di transito ai veicoli a braccia,禁止人力车辆通行,,Figura n. 65: divieto di transito ai veicoli a braccia.,图形 65 表示：禁止：通行 给车辆 向BRACCIA。,图形编号 s65；来源：WEBpatente definiz.js,https://www.rmastri.it/42/immagini/s65.gif,rmastri.it,https://www.rmastri.it/42/immagini/s65.gif,external image link; needs manual verification before commercial use,unverified_external_link,WORD_000114
交通标志与图形 - 禁止标志,divieto di transito a tutti gli autoveicoli e ai motoveicoli con tre o più ruote,禁止所有汽车和三轮及以上机动车通行。,,Figura n. 66: divieto di transito a tutti gli autoveicoli e ai motoveicoli con tre o più ruote.,汽车以及三轮或更多车轮的机动车不得进入该路段。,图形编号 s66；来源：WEBpatente definiz.js；需人工校对,https://www.rmastri.it/42/immagini/s66.gif,rmastri.it,https://www.rmastri.it/42/immagini/s66.gif,external image link; needs manual verification before commercial use,unverified_external_link,WORD_000115
交通标志与图形 - 禁止标志,divieto di transito agli autobus,禁止公交车通行。,,Figura n. 67: divieto di transito agli autobus.,图形 67 表示公交车不得通行。,图形编号 s67；来源：WEBpatente definiz.js,https://www.rmastri.it/42/immagini/s67.gif,rmastri.it,https://www.rmastri.it/42/immagini/s67.gif,external image link; needs manual verification before commercial use,unverified_external_link,WORD_000116
交通标志与图形 - 禁止标志,"divieto di transito ai veicoli destinati al trasporto di merci (autocarri, autotreni) che superano 3,5 t.",禁止超过3.5吨的货运车辆通行。,,"Figura n. 68: divieto di transito ai veicoli destinati al trasporto di merci (autocarri, autotreni) che superano 3,5 t..",超过3.5吨的货车、货车列车等不得进入该路段。,图形编号 s68；来源：WEBpatente definiz.js,https://www.rmastri.it/42/immagini/s68.gif,rmastri.it,https://www.rmastri.it/42/immagini/s68.gif,external image link; needs manual verification before commercial use,unverified_external_link,WORD_000117
交通标志与图形 - 禁止标志,"divieto di transito ai veicoli destinati al trasporto di merci (autocarri, autotreni) che superano 6,5 t.",禁止超过6.5吨的货运车辆通行。,,"Figura n. 69: divieto di transito ai veicoli destinati al trasporto di merci (autocarri, autotreni) che superano 6,5 t..",超过6.5吨的货车、货车列车等不得进入该路段。,图形编号 s69；来源：WEBpatente definiz.js,https://www.rmastri.it/42/immagini/s69.gif,rmastri.it,https://www.rmastri.it/42/immagini/s69.gif,external image link; needs manual verification before commercial use,unverified_external_link,WORD_000118
交通标志与图形 - 禁止标志,divieto di transito ai veicoli a motore trainanti un rimorchio,禁止牵引挂车的机动车通行。,,Figura n. 70: divieto di transito ai veicoli a motore trainanti un rimorchio.,牵引挂车的机动车不得进入该路段。,图形编号 s70；来源：WEBpatente definiz.js,https://www.rmastri.it/42/immagini/s70.gif,rmastri.it,https://www.rmastri.it/42/immagini/s70.gif,external image link; needs manual verification before commercial use,unverified_external_link,WORD_000119
交通标志与图形 - 禁止标志,divieto di transito alle macchine agricole,禁止农业机械通行。,,Figura n. 71: divieto di transito alle macchine agricole.,农业机械不得进入该路段。,图形编号 s71；来源：WEBpatente definiz.js,https://www.rmastri.it/42/immagini/s71.gif,rmastri.it,https://www.rmastri.it/42/immagini/s71.gif,external image link; needs manual verification before commercial use,unverified_external_link,WORD_000120
交通标志与图形 - 禁止标志,divieto di transito ai veicoli che trasportano merci pericolose,禁止运输危险货物的车辆通行。,,Figura n. 72: divieto di transito ai veicoli che trasportano merci pericolose.,载有危险货物的车辆不得进入该路段。,图形编号 s72；来源：WEBpatente definiz.js,https://www.rmastri.it/42/immagini/s72.gif,rmastri.it,https://www.rmastri.it/42/immagini/s72.gif,external image link; needs manual verification before commercial use,unverified_external_link,WORD_000121
交通标志与图形 - 禁止标志,divieto di transito ai veicoli che trasportano esplosivi o prodotti facilmente infiammabili,禁止运输爆炸物或易燃物品的车辆通行。,,Figura n. 73: divieto di transito ai veicoli che trasportano esplosivi o prodotti facilmente infiammabili.,载有爆炸物或易燃物品的车辆不得进入该路段。,图形编号 s73；来源：WEBpatente definiz.js,https://www.rmastri.it/42/immagini/s73.gif,rmastri.it,https://www.rmastri.it/42/immagini/s73.gif,external image link; needs manual verification before commercial use,unverified_external_link,WORD_000122
交通标志与图形 - 禁止标志,divieto di transito ai veicoli che trasportano prodotti suscettibili di contaminare l’acqua,禁止运输可能污染水源物品的车辆通行。,,Figura n. 74: divieto di transito ai veicoli che trasportano prodotti suscettibili di contaminare l’acqua.,载有可能污染水源物品的车辆不得进入该路段。,图形编号 s74；来源：WEBpatente definiz.js,https://www.rmastri.it/42/immagini/s74.gif,rmastri.it,https://www.rmastri.it/42/immagini/s74.gif,external image link; needs manual verification before commercial use,unverified_external_link,WORD_000123
交通标志与图形 - 禁止标志,"divieto di transito a tutti i veicoli aventi larghezza superiore a 2,30 metri",禁止宽度超过2.30米的车辆通行。,,"Figura n. 75: divieto di transito a tutti i veicoli aventi larghezza superiore a 2,30 metri.",车辆宽度超过2.30米时，不得进入该路段。,图形编号 s75；来源：WEBpatente definiz.js,https://www.rmastri.it/42/immagini/s75.gif,rmastri.it,https://www.rmastri.it/42/immagini/s75.gif,external image link; needs manual verification before commercial use,unverified_external_link,WORD_000124
交通标志与图形 - 禁止标志,"divieto di transito a tutti i veicoli aventi altezza superiore a 3,50 metri",禁止高度超过3.50米的车辆通行。,,"Figura n. 76: divieto di transito a tutti i veicoli aventi altezza superiore a 3,50 metri.",车辆高度超过3.50米时，不得进入该路段。,图形编号 s76；来源：WEBpatente definiz.js,https://www.rmastri.it/42/immagini/s76.gif,rmastri.it,https://www.rmastri.it/42/immagini/s76.gif,external image link; needs manual verification before commercial use,unverified_external_link,WORD_000125
交通标志与图形 - 禁止标志,"divieto di transito a tutti i veicoli, o complessi di veicoli, aventi lunghezza superiore a 10 metri",禁止长度超过10米的车辆或车辆组合通行。,,"Figura n. 77: divieto di transito a tutti i veicoli, o complessi di veicoli, aventi lunghezza superiore a 10 metri.",车辆或车辆组合长度超过10米时，不得进入该路段。,图形编号 s77；来源：WEBpatente definiz.js,https://www.rmastri.it/42/immagini/s77.gif,rmastri.it,https://www.rmastri.it/42/immagini/s77.gif,external image link; needs manual verification before commercial use,unverified_external_link,WORD_000126
交通标志与图形 - 禁止标志,divieto di transito a tutti i veicoli aventi una massa complessiva superiore a 7 t.,禁止总质量超过7吨的车辆通行。,,Figura n. 78: divieto di transito a tutti i veicoli aventi una massa complessiva superiore a 7 t..,车辆总质量超过7吨时，不得进入该路段。,图形编号 s78；来源：WEBpatente definiz.js,https://www.rmastri.it/42/immagini/s78.gif,rmastri.it,https://www.rmastri.it/42/immagini/s78.gif,external image link; needs manual verification before commercial use,unverified_external_link,WORD_000127
交通标志与图形 - 禁止标志,"divieto di transito a tutti i veicoli aventi massa per asse superiore a 2,5 t.",禁止轴重超过2.5吨的车辆通行。,,"Figura n. 79: divieto di transito a tutti i veicoli aventi massa per asse superiore a 2,5 t..",单轴载重超过2.5吨的车辆不得进入该路段。,图形编号 s79；来源：WEBpatente definiz.js,https://www.rmastri.it/42/immagini/s79.gif,rmastri.it,https://www.rmastri.it/42/immagini/s79.gif,external image link; needs manual verification before commercial use,unverified_external_link,WORD_000128
交通标志与图形 - 禁止标志,via libera o fine di tutte le prescrizioni,通行恢复 / 所有限制结束,,Figura n. 80: via libera o fine di tutte le prescrizioni.,图形 80 表示：通行恢复 / 所有限制结束。,图形编号 s80；来源：WEBpatente definiz.js,https://www.rmastri.it/42/immagini/s80.gif,rmastri.it,https://www.rmastri.it/42/immagini/s80.gif,external image link; needs manual verification before commercial use,unverified_external_link,WORD_000129
交通标志与图形 - 禁止标志,fine del limite massimo di velocità di 50 km/h,最高限速 50 km/h 结束。,,Figura n. 81: fine del limite massimo di velocità di 50 km/h.,图形 81 表示最高 50 km/h 的限速到此结束。,图形编号 s81；来源：WEBpatente definiz.js,https://www.rmastri.it/42/immagini/s81.gif,rmastri.it,https://www.rmastri.it/42/immagini/s81.gif,external image link; needs manual verification before commercial use,unverified_external_link,WORD_000130
交通标志与图形 - 禁止标志,fine del divieto di sorpasso,禁止超车限制结束,,Figura n. 82: fine del divieto di sorpasso.,该图形表示：禁止超车限制结束。,图形编号 s82；来源：WEBpatente definiz.js,https://www.rmastri.it/42/immagini/s82.gif,rmastri.it,https://www.rmastri.it/42/immagini/s82.gif,external image link; needs manual verification before commercial use,unverified_external_link,WORD_000131
交通标志与图形 - 禁止标志,"fine del divieto di sorpasso per veicoli adibiti al trasporto di merci che superano 3,5 t.",解除超过3.5吨货运车辆禁止超车限制。,,"Figura n. 83: fine del divieto di sorpasso per veicoli adibiti al trasporto di merci che superano 3,5 t..",该标志表示超过3.5吨货运车辆的禁止超车路段结束。,图形编号 s83；来源：WEBpatente definiz.js,https://www.rmastri.it/42/immagini/s83.gif,rmastri.it,https://www.rmastri.it/42/immagini/s83.gif,external image link; needs manual verification before commercial use,unverified_external_link,WORD_000132
交通标志与图形 - 禁止标志,divieto di sosta,禁止停车,,Figura n. 84: divieto di sosta.,图形 84 表示：禁止停车。,图形编号 s84；来源：WEBpatente definiz.js,https://www.rmastri.it/42/immagini/s84.gif,rmastri.it,https://www.rmastri.it/42/immagini/s84.gif,external image link; needs manual verification before commercial use,unverified_external_link,WORD_000133
交通标志与图形 - 禁止标志,divieto di fermata,禁止临时停车,,Figura n. 85: divieto di fermata.,图形 85 表示：禁止临时停车。,图形编号 s85；来源：WEBpatente definiz.js,https://www.rmastri.it/42/immagini/s85.gif,rmastri.it,https://www.rmastri.it/42/immagini/s85.gif,external image link; needs manual verification before commercial use,unverified_external_link,WORD_000134
交通标志与图形 - 禁止标志,parcheggio,停车场,,Figura n. 86: parcheggio.,图形 86 表示：停车场。,图形编号 s86；来源：WEBpatente definiz.js,https://www.rmastri.it/42/immagini/s86.gif,rmastri.it,https://www.rmastri.it/42/immagini/s86.gif,external image link; needs manual verification before commercial use,unverified_external_link,WORD_000135
交通标志与图形 - 禁止标志,preavviso di parcheggio,停车场预告,,Figura n. 89: preavviso di parcheggio.,图形 89 表示：停车场预告。,图形编号 s89；来源：WEBpatente definiz.js,https://www.rmastri.it/42/immagini/s89.gif,rmastri.it,https://www.rmastri.it/42/immagini/s89.gif,external image link; needs manual verification before commercial use,unverified_external_link,WORD_000136
交通标志与图形 - 禁止标志,passo carrabile,车辆出入口,,Figura n. 90: passo carrabile.,图形 90 表示：车辆出入口。,图形编号 s90；来源：WEBpatente definiz.js,https://www.rmastri.it/42/immagini/s90.gif,rmastri.it,https://www.rmastri.it/42/immagini/s90.gif,external image link; needs manual verification before commercial use,unverified_external_link,WORD_000137
交通标志与图形 - 禁止标志,sosta consentita a particolari categorie,允许特定类别车辆停车。,,Figura n. 91: sosta consentita a particolari categorie.,图形 91 表示只有特定类别车辆可以停车。,图形编号 s91；来源：WEBpatente definiz.js；需人工校对,https://www.rmastri.it/42/immagini/s91.gif,rmastri.it,https://www.rmastri.it/42/immagini/s91.gif,external image link; needs manual verification before commercial use,unverified_external_link,WORD_000138
交通标志与图形 - 禁止标志,regolazione flessibile della sosta in centro abitato,居民区内弹性停车规定。,,Figura n. 92: regolazione flessibile della sosta in centro abitato.,图形 92 表示居民区内停车规则可按时间或条件灵活调整。,图形编号 s92；来源：WEBpatente definiz.js；需人工校对,https://www.rmastri.it/42/immagini/s92.gif,rmastri.it,https://www.rmastri.it/42/immagini/s92.gif,external image link; needs manual verification before commercial use,unverified_external_link,WORD_000139
交通标志与图形 - 强制标志,direzione obbligatoria diritto,必须直行,,Figura n. 93: direzione obbligatoria diritto.,图形 93 表示：必须直行。,图形编号 s93；来源：WEBpatente definiz.js,https://www.rmastri.it/42/immagini/s93.gif,rmastri.it,https://www.rmastri.it/42/immagini/s93.gif,external image link; needs manual verification before commercial use,unverified_external_link,WORD_000140
交通标志与图形 - 强制标志,direzione obbligatoria a sinistra,必须向左,,Figura n. 94: direzione obbligatoria a sinistra.,图形 94 表示：必须向左。,图形编号 s94；来源：WEBpatente definiz.js,https://www.rmastri.it/42/immagini/s94.gif,rmastri.it,https://www.rmastri.it/42/immagini/s94.gif,external image link; needs manual verification before commercial use,unverified_external_link,WORD_000141
交通标志与图形 - 强制标志,direzione obbligatoria a destra,必须向右,,Figura n. 95: direzione obbligatoria a destra.,图形 95 表示：必须向右。,图形编号 s95；来源：WEBpatente definiz.js,https://www.rmastri.it/42/immagini/s95.gif,rmastri.it,https://www.rmastri.it/42/immagini/s95.gif,external image link; needs manual verification before commercial use,unverified_external_link,WORD_000142
交通标志与图形 - 强制标志,preavviso di direzione obbligatoria a destra,强制右转警告,,Figura n. 96: preavviso di direzione obbligatoria a destra.,该图形表示：强制右转警告。,图形编号 s96；来源：WEBpatente definiz.js,https://www.rmastri.it/42/immagini/s96.gif,rmastri.it,https://www.rmastri.it/42/immagini/s96.gif,external image link; needs manual verification before commercial use,unverified_external_link,WORD_000143
交通标志与图形 - 强制标志,preavviso di direzione obbligatoria a sinistra,强制左转警告,,Figura n. 97: preavviso di direzione obbligatoria a sinistra.,该图形表示：强制左转警告。,图形编号 s97；来源：WEBpatente definiz.js,https://www.rmastri.it/42/immagini/s97.gif,rmastri.it,https://www.rmastri.it/42/immagini/s97.gif,external image link; needs manual verification before commercial use,unverified_external_link,WORD_000144
交通标志与图形 - 强制标志,direzioni consentite destra e sinistra,允许向右或向左,,Figura n. 98: direzioni consentite destra e sinistra.,图形 98 表示：允许向右或向左。,图形编号 s98；来源：WEBpatente definiz.js,https://www.rmastri.it/42/immagini/s98.gif,rmastri.it,https://www.rmastri.it/42/immagini/s98.gif,external image link; needs manual verification before commercial use,unverified_external_link,WORD_000145
交通标志与图形 - 强制标志,direzioni consentite diritto e destra,允许直行或向右,,Figura n. 99: direzioni consentite diritto e destra.,图形 99 表示：允许直行或向右。,图形编号 s99；来源：WEBpatente definiz.js,https://www.rmastri.it/42/immagini/s99.gif,rmastri.it,https://www.rmastri.it/42/immagini/s99.gif,external image link; needs manual verification before commercial use,unverified_external_link,WORD_000146
交通标志与图形 - 强制标志,direzioni consentite diritto e sinistra,允许直行或向左,,Figura n. 100: direzioni consentite diritto e sinistra.,图形 100 表示：允许直行或向左。,图形编号 s100；来源：WEBpatente definiz.js,https://www.rmastri.it/42/immagini/s100.gif,rmastri.it,https://www.rmastri.it/42/immagini/s100.gif,external image link; needs manual verification before commercial use,unverified_external_link,WORD_000147
交通标志与图形 - 强制标志,passaggio obbligatorio a sinistra di un ostacolo,遇到障碍物时必须从左侧通过,,Figura n. 101: passaggio obbligatorio a sinistra di un ostacolo.,该图形表示：遇到障碍物时必须从左侧通过。,图形编号 s101；来源：WEBpatente definiz.js,https://www.rmastri.it/42/immagini/s101.gif,rmastri.it,https://www.rmastri.it/42/immagini/s101.gif,external image link; needs manual verification before commercial use,unverified_external_link,WORD_000148
交通标志与图形 - 强制标志,passaggio obbligatorio a destra di un ostacolo,遇到障碍物时必须从右侧通过,,Figura n. 102: passaggio obbligatorio a destra di un ostacolo.,该图形表示：遇到障碍物时必须从右侧通过。,图形编号 s102；来源：WEBpatente definiz.js,https://www.rmastri.it/42/immagini/s102.gif,rmastri.it,https://www.rmastri.it/42/immagini/s102.gif,external image link; needs manual verification before commercial use,unverified_external_link,WORD_000149
交通标志与图形 - 强制标志,passaggi consentiti a destra o a sinistra di un ostacolo,遇到障碍物时可从左侧或右侧通过,,Figura n. 103: passaggi consentiti a destra o a sinistra di un ostacolo.,该图形表示：遇到障碍物时可从左侧或右侧通过。,图形编号 s103；来源：WEBpatente definiz.js,https://www.rmastri.it/42/immagini/s103.gif,rmastri.it,https://www.rmastri.it/42/immagini/s103.gif,external image link; needs manual verification before commercial use,unverified_external_link,WORD_000150
交通标志与图形 - 强制标志,rotatoria,环岛,,Figura n. 104: rotatoria.,图形 104 表示：环岛。,图形编号 s104；来源：WEBpatente definiz.js,https://www.rmastri.it/42/immagini/s104.gif,rmastri.it,https://www.rmastri.it/42/immagini/s104.gif,external image link; needs manual verification before commercial use,unverified_external_link,WORD_000151
交通标志与图形 - 强制标志,limite minimo di velocità di 30 km/h,最低限速 30 km/h。,,Figura n. 105: limite minimo di velocità di 30 km/h.,图形 105 表示车辆行驶速度不得低于 30 km/h。,图形编号 s105；来源：WEBpatente definiz.js,https://www.rmastri.it/42/immagini/s105.gif,rmastri.it,https://www.rmastri.it/42/immagini/s105.gif,external image link; needs manual verification before commercial use,unverified_external_link,WORD_000152
交通标志与图形 - 强制标志,fine del limite minimo di velocità di 30 km/h,最低限速 30 km/h 结束。,,Figura n. 106: fine del limite minimo di velocità di 30 km/h.,图形 106 表示最低 30 km/h 的限速到此结束。,图形编号 s106；来源：WEBpatente definiz.js,https://www.rmastri.it/42/immagini/s106.gif,rmastri.it,https://www.rmastri.it/42/immagini/s106.gif,external image link; needs manual verification before commercial use,unverified_external_link,WORD_000153
交通标志与图形 - 强制标志,catene o pneumatici da neve obbligatori,必须使用防滑链或雪地轮胎。,,Figura n. 107: catene o pneumatici da neve obbligatori.,图形 107 表示必须安装防滑链，或使用适合雪地行驶的轮胎。,图形编号 s107；来源：WEBpatente definiz.js,https://www.rmastri.it/42/immagini/s107.gif,rmastri.it,https://www.rmastri.it/42/immagini/s107.gif,external image link; needs manual verification before commercial use,unverified_external_link,WORD_000154
交通标志与图形 - 强制标志,percorso pedonale,行人专用路径,,Figura n. 108: percorso pedonale.,图形 108 表示：行人专用路径。,图形编号 s108；来源：WEBpatente definiz.js,https://www.rmastri.it/42/immagini/s108.gif,rmastri.it,https://www.rmastri.it/42/immagini/s108.gif,external image link; needs manual verification before commercial use,unverified_external_link,WORD_000155
交通标志与图形 - 强制标志,fine del percorso pedonale,行人专用路径结束,,Figura n. 109: fine del percorso pedonale.,图形 109 表示：行人专用路径结束。,图形编号 s109；来源：WEBpatente definiz.js,https://www.rmastri.it/42/immagini/s109.gif,rmastri.it,https://www.rmastri.it/42/immagini/s109.gif,external image link; needs manual verification before commercial use,unverified_external_link,WORD_000156
交通标志与图形 - 强制标志,pista ciclabile,自行车道,,Figura n. 110: pista ciclabile.,图形 110 表示：自行车道。,图形编号 s110；来源：WEBpatente definiz.js,https://www.rmastri.it/42/immagini/s110.gif,rmastri.it,https://www.rmastri.it/42/immagini/s110.gif,external image link; needs manual verification before commercial use,unverified_external_link,WORD_000157
交通标志与图形 - 强制标志,fine pista ciclabile,自行车道结束,,Figura n. 111: fine pista ciclabile.,图形 111 表示：自行车道结束。,图形编号 s111；来源：WEBpatente definiz.js,https://www.rmastri.it/42/immagini/s111.gif,rmastri.it,https://www.rmastri.it/42/immagini/s111.gif,external image link; needs manual verification before commercial use,unverified_external_link,WORD_000158
交通标志与图形 - 强制标志,pista ciclabile contigua (accanto) al marciapiede,人行道旁相邻自行车道。,,Figura n. 112: pista ciclabile contigua (accanto) al marciapiede.,图形 112 表示自行车道与人行道相邻设置。,图形编号 s112；来源：WEBpatente definiz.js,https://www.rmastri.it/42/immagini/s112.gif,rmastri.it,https://www.rmastri.it/42/immagini/s112.gif,external image link; needs manual verification before commercial use,unverified_external_link,WORD_000159
交通标志与图形 - 强制标志,percorso unico pedonale e ciclabile,行人和自行车共用路径。,,Figura n. 113: percorso unico pedonale e ciclabile.,图形 113 表示行人和自行车在同一路径上通行。,图形编号 s113；来源：WEBpatente definiz.js,https://www.rmastri.it/42/immagini/s113.gif,rmastri.it,https://www.rmastri.it/42/immagini/s113.gif,external image link; needs manual verification before commercial use,unverified_external_link,WORD_000160
交通标志与图形 - 强制标志,fine della pista ciclabile contigua (accanto) al marciapiede,人行道旁相邻自行车道结束。,,Figura n. 114: fine della pista ciclabile contigua (accanto) al marciapiede.,图形 114 表示紧邻人行道的自行车道到此结束。,图形编号 s114；来源：WEBpatente definiz.js,https://www.rmastri.it/42/immagini/s114.gif,rmastri.it,https://www.rmastri.it/42/immagini/s114.gif,external image link; needs manual verification before commercial use,unverified_external_link,WORD_000161
交通标志与图形 - 强制标志,fine del percorso pedonale e ciclabile,行人和自行车共用路径结束。,,Figura n. 115: fine del percorso pedonale e ciclabile.,图形 115 表示行人和自行车共用路径到此结束。,图形编号 s115；来源：WEBpatente definiz.js,https://www.rmastri.it/42/immagini/s115.gif,rmastri.it,https://www.rmastri.it/42/immagini/s115.gif,external image link; needs manual verification before commercial use,unverified_external_link,WORD_000162
交通标志与图形 - 强制标志,percorso riservato ai quadrupedi da soma e da sella,驮畜和骑乘动物专用路线。,,Figura n. 116: percorso riservato ai quadrupedi da soma e da sella.,该标志表示路线保留给驮畜和骑乘动物使用。,图形编号 s116；来源：WEBpatente definiz.js,https://www.rmastri.it/42/immagini/s116.gif,rmastri.it,https://www.rmastri.it/42/immagini/s116.gif,external image link; needs manual verification before commercial use,unverified_external_link,WORD_000163
交通标志与图形 - 强制标志,fine del percorso riservato ai quadrupedi da soma e da sella,驮畜和骑乘动物专用路线结束。,,Figura n. 117: fine del percorso riservato ai quadrupedi da soma e da sella.,该标志表示驮畜和骑乘动物专用路线结束。,图形编号 s117；来源：WEBpatente definiz.js,https://www.rmastri.it/42/immagini/s117.gif,rmastri.it,https://www.rmastri.it/42/immagini/s117.gif,external image link; needs manual verification before commercial use,unverified_external_link,WORD_000164
交通标志与图形 - 强制标志,alt-dogana: segnala un controllo doganale al confine con uno stato extracomunitario ove e’ obbligatorio fermarsi,海关停车检查：在非欧盟国家边境海关检查处必须停车。,,Figura n. 118: alt-dogana: segnala un controllo doganale al confine con uno stato extracomunitario ove e’ obbligatorio fermarsi.,遇到该标志时，车辆应在海关检查处停车接受检查。,图形编号 s118；来源：WEBpatente definiz.js,https://www.rmastri.it/42/immagini/s118.gif,rmastri.it,https://www.rmastri.it/42/immagini/s118.gif,external image link; needs manual verification before commercial use,unverified_external_link,WORD_000165
交通标志与图形 - 强制标志,alt-polizia: segnala un posto di blocco istituito da organi di polizia ove e’ obbligatorio fermarsi anche se non mostrano la paletta,警察停车检查：遇警察设卡时必须停车。,,Figura n. 119: alt-polizia: segnala un posto di blocco istituito da organi di polizia ove e’ obbligatorio fermarsi anche se non mostrano la paletta.,即使没有出示停车牌，遇到警察设卡标志也应停车接受检查。,图形编号 s119；来源：WEBpatente definiz.js,https://www.rmastri.it/42/immagini/s119.gif,rmastri.it,https://www.rmastri.it/42/immagini/s119.gif,external image link; needs manual verification before commercial use,unverified_external_link,WORD_000166
交通标志与图形 - 强制标志,"alt-stazione: segnala l’obbligo di arresto presso accessi autostradali controllati, per operazioni di pedaggio",收费站停车：在受控高速入口或收费操作处必须停车。,,"Figura n. 120: alt-stazione: segnala l’obbligo di arresto presso accessi autostradali controllati, per operazioni di pedaggio.",遇到该标志时，应在收费站或受控入口处停车。,图形编号 s120；来源：WEBpatente definiz.js；需人工校对,https://www.rmastri.it/42/immagini/s120.gif,rmastri.it,https://www.rmastri.it/42/immagini/s120.gif,external image link; needs manual verification before commercial use,unverified_external_link,WORD_000167
交通标志与图形 - 强制标志,confine di stato tra paesi della comunità europea,欧盟国家之间的国界标志。,,Figura n. 163: confine di stato tra paesi della comunità europea.,该标志表示两个欧盟国家之间的边界。,图形编号 s121；来源：WEBpatente definiz.js,https://www.rmastri.it/42/immagini/s163.gif,rmastri.it,https://www.rmastri.it/42/immagini/s163.gif,external image link; needs manual verification before commercial use,unverified_external_link,WORD_000168
交通标志与图形 - 强制标志,preavviso di confine di stato tra paesi della comunità europea,欧盟国家之间国界预告。,,Figura n. 164: preavviso di confine di stato tra paesi della comunità europea.,该标志提前提示即将到达欧盟国家之间的边界。,图形编号 s122；来源：WEBpatente definiz.js,https://www.rmastri.it/42/immagini/s164.gif,rmastri.it,https://www.rmastri.it/42/immagini/s164.gif,external image link; needs manual verification before commercial use,unverified_external_link,WORD_000169
交通标志与图形 - 辅助牌,distanza,距离,,Figura n. 121: distanza.,图形 121 表示：距离。,图形编号 s121；来源：WEBpatente definiz.js,https://www.rmastri.it/42/immagini/s121.gif,rmastri.it,https://www.rmastri.it/42/immagini/s121.gif,external image link; needs manual verification before commercial use,unverified_external_link,WORD_000170
交通标志与图形 - 辅助牌,estesa,路段长度,,Figura n. 122: estesa.,图形 122 表示：路段长度。,图形编号 s122；来源：WEBpatente definiz.js,https://www.rmastri.it/42/immagini/s122.gif,rmastri.it,https://www.rmastri.it/42/immagini/s122.gif,external image link; needs manual verification before commercial use,unverified_external_link,WORD_000171
交通标志与图形 - 辅助牌,fasce orarie di tutti i giorni,每天适用的时间段。,,Figura n. 123: fasce orarie di tutti i giorni.,图形 123 表示该规定在每天标明的时间段内有效。,图形编号 s123；来源：WEBpatente definiz.js,https://www.rmastri.it/42/immagini/s123.gif,rmastri.it,https://www.rmastri.it/42/immagini/s123.gif,external image link; needs manual verification before commercial use,unverified_external_link,WORD_000172
交通标志与图形 - 辅助牌,fasce orarie dei giorni festivi,节假日适用的时间段。,,Figura n. 124: fasce orarie dei giorni festivi.,图形 124 表示该规定在节假日标明的时间段内有效。,图形编号 s124；来源：WEBpatente definiz.js,https://www.rmastri.it/42/immagini/s124.gif,rmastri.it,https://www.rmastri.it/42/immagini/s124.gif,external image link; needs manual verification before commercial use,unverified_external_link,WORD_000173
交通标志与图形 - 辅助牌,fasce orarie dei giorni lavorativi,工作日适用的时间段。,,Figura n. 125: fasce orarie dei giorni lavorativi.,图形 125 表示该规定在工作日标明的时间段内有效。,图形编号 s125；来源：WEBpatente definiz.js,https://www.rmastri.it/42/immagini/s125.gif,rmastri.it,https://www.rmastri.it/42/immagini/s125.gif,external image link; needs manual verification before commercial use,unverified_external_link,WORD_000174
交通标志与图形 - 辅助牌,limitazione,限制,,Figura n. 126: limitazione.,图形 126 表示：限制。,图形编号 s126；来源：WEBpatente definiz.js,https://www.rmastri.it/42/immagini/s126.gif,rmastri.it,https://www.rmastri.it/42/immagini/s126.gif,external image link; needs manual verification before commercial use,unverified_external_link,WORD_000175
交通标志与图形 - 辅助牌,eccezione,例外,,Figura n. 127: eccezione.,图形 127 表示：例外。,图形编号 s127；来源：WEBpatente definiz.js,https://www.rmastri.it/42/immagini/s127.gif,rmastri.it,https://www.rmastri.it/42/immagini/s127.gif,external image link; needs manual verification before commercial use,unverified_external_link,WORD_000176
交通标志与图形 - 辅助牌,inizio,开始,,Figura n. 128: inizio.,图形 128 表示：开始。,图形编号 s128；来源：WEBpatente definiz.js,https://www.rmastri.it/42/immagini/s128.gif,rmastri.it,https://www.rmastri.it/42/immagini/s128.gif,external image link; needs manual verification before commercial use,unverified_external_link,WORD_000177
交通标志与图形 - 辅助牌,continuazione,继续,,Figura n. 129: continuazione.,图形 129 表示：继续。,图形编号 s129；来源：WEBpatente definiz.js,https://www.rmastri.it/42/immagini/s129.gif,rmastri.it,https://www.rmastri.it/42/immagini/s129.gif,external image link; needs manual verification before commercial use,unverified_external_link,WORD_000178
交通标志与图形 - 辅助牌,fine,结束,,Figura n. 130: fine.,图形 130 表示：结束。,图形编号 s130；来源：WEBpatente definiz.js,https://www.rmastri.it/42/immagini/s130.gif,rmastri.it,https://www.rmastri.it/42/immagini/s130.gif,external image link; needs manual verification before commercial use,unverified_external_link,WORD_000179
交通标志与图形 - 辅助牌,segni orizzontali mancanti o in rifacimento,路面标线缺失或正在重画。,,Figura n. 131: segni orizzontali mancanti o in rifacimento.,该辅助牌提醒当前路段的路面标线可能缺失或正在重新绘制。,图形编号 s131；来源：WEBpatente definiz.js,https://www.rmastri.it/42/immagini/s131.gif,rmastri.it,https://www.rmastri.it/42/immagini/s131.gif,external image link; needs manual verification before commercial use,unverified_external_link,WORD_000180
交通标志与图形 - 辅助牌,incidente,事故,,Figura n. 132: incidente.,图形 132 表示：事故。,图形编号 s132；来源：WEBpatente definiz.js,https://www.rmastri.it/42/immagini/s132.gif,rmastri.it,https://www.rmastri.it/42/immagini/s132.gif,external image link; needs manual verification before commercial use,unverified_external_link,WORD_000181
交通标志与图形 - 辅助牌,attraversamento di binari,铁路交叉口,,Figura n. 133: attraversamento di binari.,该图形表示：铁路交叉口。,图形编号 s133；来源：WEBpatente definiz.js,https://www.rmastri.it/42/immagini/s133.gif,rmastri.it,https://www.rmastri.it/42/immagini/s133.gif,external image link; needs manual verification before commercial use,unverified_external_link,WORD_000182
交通标志与图形 - 辅助牌,sgombraneve in azione,扫雪车作业中,,Figura n. 134: sgombraneve in azione.,图形 134 表示：扫雪车作业中。,图形编号 s134；来源：WEBpatente definiz.js,https://www.rmastri.it/42/immagini/s134.gif,rmastri.it,https://www.rmastri.it/42/immagini/s134.gif,external image link; needs manual verification before commercial use,unverified_external_link,WORD_000183
交通标志与图形 - 辅助牌,zona soggetta ad allagamento,易积水区域。,,Figura n. 135: zona soggetta ad allagamento.,该辅助牌提醒该区域可能发生积水或被水淹。,图形编号 s135；来源：WEBpatente definiz.js,https://www.rmastri.it/42/immagini/s135.gif,rmastri.it,https://www.rmastri.it/42/immagini/s135.gif,external image link; needs manual verification before commercial use,unverified_external_link,WORD_000184
交通标志与图形 - 辅助牌,coda: veicoli fermi o in lento movimento,排队拥堵：车辆停止或缓慢移动。,,Figura n. 136: coda: veicoli fermi o in lento movimento.,该辅助牌提醒前方可能有排队车辆或缓慢通行。,图形编号 s136；来源：WEBpatente definiz.js,https://www.rmastri.it/42/immagini/s136.gif,rmastri.it,https://www.rmastri.it/42/immagini/s136.gif,external image link; needs manual verification before commercial use,unverified_external_link,WORD_000185
交通标志与图形 - 辅助牌,mezzi di lavoro in azione,工程车辆作业。,,Figura n. 137: mezzi di lavoro in azione.,图形 137 表示附近有施工或作业车辆正在工作。,图形编号 s137；来源：WEBpatente definiz.js,https://www.rmastri.it/42/immagini/s137.gif,rmastri.it,https://www.rmastri.it/42/immagini/s137.gif,external image link; needs manual verification before commercial use,unverified_external_link,WORD_000186
交通标志与图形 - 辅助牌,strada sdrucciolevole per ghiaccio,结冰导致路面湿滑。,,Figura n. 138: strada sdrucciolevole per ghiaccio.,该辅助牌提醒路面可能因结冰而湿滑。,图形编号 s138；来源：WEBpatente definiz.js,https://www.rmastri.it/42/immagini/s138.gif,rmastri.it,https://www.rmastri.it/42/immagini/s138.gif,external image link; needs manual verification before commercial use,unverified_external_link,WORD_000187
交通标志与图形 - 辅助牌,strada sdrucciolevole per pioggia,雨水导致路面湿滑。,,Figura n. 139: strada sdrucciolevole per pioggia.,该辅助牌提醒路面可能因下雨而湿滑。,图形编号 s139；来源：WEBpatente definiz.js,https://www.rmastri.it/42/immagini/s139.gif,rmastri.it,https://www.rmastri.it/42/immagini/s139.gif,external image link; needs manual verification before commercial use,unverified_external_link,WORD_000188
交通标志与图形 - 辅助牌,autocarri in rallentamento,货车减速行驶,,Figura n. 140: autocarri in rallentamento.,该图形表示：货车减速行驶。,图形编号 s140；来源：WEBpatente definiz.js,https://www.rmastri.it/42/immagini/s140.gif,rmastri.it,https://www.rmastri.it/42/immagini/s140.gif,external image link; needs manual verification before commercial use,unverified_external_link,WORD_000189
交通标志与图形 - 辅助牌,zona rimozione coatta,强制拖车区,,Figura n. 141: zona rimozione coatta.,图形 141 表示：强制拖车区。,图形编号 s141；来源：WEBpatente definiz.js,https://www.rmastri.it/42/immagini/s141.gif,rmastri.it,https://www.rmastri.it/42/immagini/s141.gif,external image link; needs manual verification before commercial use,unverified_external_link,WORD_000190
交通标志与图形 - 辅助牌,segnale di corsia,车道指示信号,,Figura n. 142: segnale di corsia.,该图形表示：车道指示信号。,图形编号 s142；来源：WEBpatente definiz.js,https://www.rmastri.it/42/immagini/s142.gif,rmastri.it,https://www.rmastri.it/42/immagini/s142.gif,external image link; needs manual verification before commercial use,unverified_external_link,WORD_000191
交通标志与图形 - 辅助牌,numero complessivo dei tornanti,连续弯道的总数量。,,Figura n. 143: numero complessivo dei tornanti.,图形 143 表示前方发夹弯或连续弯道的总数。,图形编号 s143；来源：WEBpatente definiz.js；需人工校对,https://www.rmastri.it/42/immagini/s143.gif,rmastri.it,https://www.rmastri.it/42/immagini/s143.gif,external image link; needs manual verification before commercial use,unverified_external_link,WORD_000192
交通标志与图形 - 辅助牌,numero progressivo del tornante,当前弯道的顺序编号。,,Figura n. 144: numero progressivo del tornante.,图形 144 表示当前发夹弯或弯道在连续弯道中的编号。,图形编号 s144；来源：WEBpatente definiz.js；需人工校对,https://www.rmastri.it/42/immagini/s144.gif,rmastri.it,https://www.rmastri.it/42/immagini/s144.gif,external image link; needs manual verification before commercial use,unverified_external_link,WORD_000193
交通标志与图形 - 辅助牌,pulizia meccanica della strada,道路机械清扫,,Figura n. 145: pulizia meccanica della strada.,该图形表示：道路机械清扫。,图形编号 s146；来源：WEBpatente definiz.js,https://www.rmastri.it/42/immagini/s145.gif,rmastri.it,https://www.rmastri.it/42/immagini/s145.gif,external image link; needs manual verification before commercial use,unverified_external_link,WORD_000194
交通标志与图形 - 辅助牌,andamento della strada principale,主干道走向,,Figura n. 146: andamento della strada principale.,该图形表示：主干道走向。,图形编号 s147；来源：WEBpatente definiz.js,https://www.rmastri.it/42/immagini/s146.gif,rmastri.it,https://www.rmastri.it/42/immagini/s146.gif,external image link; needs manual verification before commercial use,unverified_external_link,WORD_000195
交通标志与图形 - 辅助牌,divieto di sosta temporaneo per pulizia meccanica della strada,因机械清扫道路临时禁止停车。,,Figura n. 148: divieto di sosta temporaneo per pulizia meccanica della strada.,该标志表示在道路机械清扫期间临时禁止停车。,图形编号 s148；来源：WEBpatente definiz.js,https://www.rmastri.it/42/immagini/s148.gif,rmastri.it,https://www.rmastri.it/42/immagini/s148.gif,external image link; needs manual verification before commercial use,unverified_external_link,WORD_000196
交通标志与图形 - 辅助牌,"preavviso di deviazione obbligatoria a destra per autocarri che superano 3,5 t.",前方货车必须向右改道的预告标志，适用于超过 3.5 吨的货车。,,"Figura n. 150: preavviso di deviazione obbligatoria a destra per autocarri che superano 3,5 t..",图形 150 表示超过 3.5 吨的货车需要按提示向右改道。,图形编号 s150；来源：WEBpatente definiz.js,https://www.rmastri.it/42/immagini/s150.gif,rmastri.it,https://www.rmastri.it/42/immagini/s150.gif,external image link; needs manual verification before commercial use,unverified_external_link,WORD_000197
交通标志与图形 - 辅助牌,divieto di transito per autotreni ed autoarticolati,禁止货车和铰接式货车过境,,Figura n. 151: divieto di transito per autotreni ed autoarticolati.,该图形表示：禁止货车和铰接式货车过境。,图形编号 s151；来源：WEBpatente definiz.js,https://www.rmastri.it/42/immagini/s151.gif,rmastri.it,https://www.rmastri.it/42/immagini/s151.gif,external image link; needs manual verification before commercial use,unverified_external_link,WORD_000198
交通标志与图形 - 指示标志,senso unico parallelo,平行方向单行道。,,Figura n. 152: senso unico parallelo.,图形 152 表示道路为平行方向单行通行。,图形编号 s152；来源：WEBpatente definiz.js；需人工校对,https://www.rmastri.it/42/immagini/s152.gif,rmastri.it,https://www.rmastri.it/42/immagini/s152.gif,external image link; needs manual verification before commercial use,unverified_external_link,WORD_000199
交通标志与图形 - 指示标志,senso unico frontale,正面方向单行道。,,Figura n. 153: senso unico frontale.,图形 153 表示前方为正面方向单行通行。,图形编号 s153；来源：WEBpatente definiz.js；需人工校对,https://www.rmastri.it/42/immagini/s153.gif,rmastri.it,https://www.rmastri.it/42/immagini/s153.gif,external image link; needs manual verification before commercial use,unverified_external_link,WORD_000200
交通标志与图形 - 指示标志,lanterna semaforica veicolare normale,普通车辆交通信号灯。,,Figura n. 154: lanterna semaforica veicolare normale.,图形 154 表示普通车辆使用的红黄绿交通信号灯。,图形编号 s154；来源：WEBpatente definiz.js,https://www.rmastri.it/42/immagini/s154.gif,rmastri.it,https://www.rmastri.it/42/immagini/s154.gif,external image link; needs manual verification before commercial use,unverified_external_link,WORD_000201
交通标志与图形 - 指示标志,semafori veicolari di corsia,车道交通信号灯。,,Figura n. 155: semafori veicolari di corsia.,图形 155 表示按车道设置的车辆交通信号灯。,图形编号 s155；来源：WEBpatente definiz.js,https://www.rmastri.it/42/immagini/s155.gif,rmastri.it,https://www.rmastri.it/42/immagini/s155.gif,external image link; needs manual verification before commercial use,unverified_external_link,WORD_000202
交通标志与图形 - 指示标志,"semaforo per veicoli di trasporto pubblico (tram, taxi, autobus)",公共交通车辆专用信号灯。,,"Figura n. 156: semaforo per veicoli di trasporto pubblico (tram, taxi, autobus).",图形 156 表示有轨电车、出租车、公交车等公共交通车辆使用的信号灯。,图形编号 s156；来源：WEBpatente definiz.js,https://www.rmastri.it/42/immagini/s156.gif,rmastri.it,https://www.rmastri.it/42/immagini/s156.gif,external image link; needs manual verification before commercial use,unverified_external_link,WORD_000203
交通标志与图形 - 指示标志,semaforo pedonale,行人交通信号灯,,Figura n. 157: semaforo pedonale.,该图形表示：行人交通信号灯。,图形编号 s157；来源：WEBpatente definiz.js,https://www.rmastri.it/42/immagini/s157.gif,rmastri.it,https://www.rmastri.it/42/immagini/s157.gif,external image link; needs manual verification before commercial use,unverified_external_link,WORD_000204
交通标志与图形 - 指示标志,semaforo per velocipedi (biciclette),自行车交通信号灯。,,Figura n. 158: semaforo per velocipedi (biciclette).,图形 158 表示自行车使用的交通信号灯。,图形编号 s158；来源：WEBpatente definiz.js,https://www.rmastri.it/42/immagini/s158.gif,rmastri.it,https://www.rmastri.it/42/immagini/s158.gif,external image link; needs manual verification before commercial use,unverified_external_link,WORD_000205
交通标志与图形 - 指示标志,lanterne semaforiche per corsie reversibili,可变车道交通信号灯。,,Figura n. 159: lanterne semaforiche per corsie reversibili.,图形 159 表示用于可逆车道或可变车道的信号灯。,图形编号 s159；来源：WEBpatente definiz.js,https://www.rmastri.it/42/immagini/s159.gif,rmastri.it,https://www.rmastri.it/42/immagini/s159.gif,external image link; needs manual verification before commercial use,unverified_external_link,WORD_000206
交通标志与图形 - 指示标志,lanterne semaforiche gialle lampeggianti,黄色闪烁交通信号灯。,,Figura n. 160: lanterne semaforiche gialle lampeggianti.,图形 160 表示黄色闪烁信号灯，提示驾驶人注意并谨慎通行。,图形编号 s160；来源：WEBpatente definiz.js,https://www.rmastri.it/42/immagini/s160.gif,rmastri.it,https://www.rmastri.it/42/immagini/s160.gif,external image link; needs manual verification before commercial use,unverified_external_link,WORD_000207
交通标志与图形 - 指示标志,lanterna semaforica speciale di onda verde,绿波特殊交通信号灯。,,Figura n. 161: lanterna semaforica speciale di onda verde.,图形 161 表示提示按一定速度行驶可连续遇到绿灯的特殊信号灯。,图形编号 s161；来源：WEBpatente definiz.js；需人工校对,https://www.rmastri.it/42/immagini/s161.gif,rmastri.it,https://www.rmastri.it/42/immagini/s161.gif,external image link; needs manual verification before commercial use,unverified_external_link,WORD_000208
交通标志与图形 - 指示标志,lanterna semaforica speciale a luci rosse lampeggianti,红色闪烁特殊信号灯。,,Figura n. 162: lanterna semaforica speciale a luci rosse lampeggianti.,图形 162 表示红色闪烁的特殊交通信号灯。,图形编号 s162；来源：WEBpatente definiz.js；需人工校对,https://www.rmastri.it/42/immagini/s162.gif,rmastri.it,https://www.rmastri.it/42/immagini/s162.gif,external image link; needs manual verification before commercial use,unverified_external_link,WORD_000209
交通标志与图形 - 强制标志,confine di stato tra paesi della comunità  europea,欧盟国家之间的国界标志。,,Figura n. 163: confine di stato tra paesi della comunità  europea.,该标志表示两个欧盟国家之间的边界。,图形编号 s172；来源：WEBpatente definiz.js,https://www.rmastri.it/42/immagini/s163.gif,rmastri.it,https://www.rmastri.it/42/immagini/s163.gif,external image link; needs manual verification before commercial use,unverified_external_link,WORD_000210
交通标志与图形 - 强制标志,preavviso di confine di stato tra paesi della comunità  europea,欧盟国家之间国界预告。,,Figura n. 164: preavviso di confine di stato tra paesi della comunità  europea.,该标志提前提示即将到达欧盟国家之间的边界。,图形编号 s173；来源：WEBpatente definiz.js,https://www.rmastri.it/42/immagini/s164.gif,rmastri.it,https://www.rmastri.it/42/immagini/s164.gif,external image link; needs manual verification before commercial use,unverified_external_link,WORD_000211
交通标志与图形 - 指示标志,segnale di preavviso di intersezione urbana,城市交叉路口预告标志。,,Figura n. 166: segnale di preavviso di intersezione urbana.,图形 166 表示前方为城市道路交叉路口。,图形编号 s166；来源：WEBpatente definiz.js,https://www.rmastri.it/42/immagini/s166.gif,rmastri.it,https://www.rmastri.it/42/immagini/s166.gif,external image link; needs manual verification before commercial use,unverified_external_link,WORD_000212
交通标志与图形 - 指示标志,segnale di preavviso di intersezioni ravvicinate urbane,城市内相近交叉路口预告标志。,,Figura n. 167: segnale di preavviso di intersezioni ravvicinate urbane.,该标志提前提示前方城市道路有多个相近交叉口。,图形编号 s167；来源：WEBpatente definiz.js；需人工校对,https://www.rmastri.it/42/immagini/s167.gif,rmastri.it,https://www.rmastri.it/42/immagini/s167.gif,external image link; needs manual verification before commercial use,unverified_external_link,WORD_000213
交通标志与图形 - 指示标志,segnale di preavviso di intersezione urbana con rotatoria,带环岛的城市交叉路口预告标志。,,Figura n. 168: segnale di preavviso di intersezione urbana con rotatoria.,图形 168 表示前方城市交叉路口设有环岛。,图形编号 s168；来源：WEBpatente definiz.js,https://www.rmastri.it/42/immagini/s168.gif,rmastri.it,https://www.rmastri.it/42/immagini/s168.gif,external image link; needs manual verification before commercial use,unverified_external_link,WORD_000214
交通标志与图形 - 指示标志,"segnale di preavviso di intersezione urbana, con divieto di transito per una categoria di veicoli su un ramo dell’intersezione",城市交叉路口预告标志，其中某一支路禁止某类车辆通行。,,"Figura n. 169: segnale di preavviso di intersezione urbana, con divieto di transito per una categoria di veicoli su un ramo dell’intersezione.",图形 169 表示前方城市交叉路口，并提示其中一条支路对某类车辆禁行。,图形编号 s169；来源：WEBpatente definiz.js,https://www.rmastri.it/42/immagini/s169.gif,rmastri.it,https://www.rmastri.it/42/immagini/s169.gif,external image link; needs manual verification before commercial use,unverified_external_link,WORD_000215
交通标志与图形 - 指示标志,segnale di preavviso di intersezione extraurbana con passaggio a livello su un ramo dell’intersezione,郊外交叉路口预告标志，其中某一支路有铁路平交道口。,,Figura n. 170: segnale di preavviso di intersezione extraurbana con passaggio a livello su un ramo dell’intersezione.,图形 170 表示前方郊外交叉路口，并提示其中一条支路设有铁路平交道口。,图形编号 s170；来源：WEBpatente definiz.js,https://www.rmastri.it/42/immagini/s170.gif,rmastri.it,https://www.rmastri.it/42/immagini/s170.gif,external image link; needs manual verification before commercial use,unverified_external_link,WORD_000216
交通标志与图形 - 指示标志,segnale di preselezione extraurbano,郊外道路车道预选标志。,,Figura n. 171: segnale di preselezione extraurbano.,图形 171 表示郊外道路上提前选择车道或行驶方向。,图形编号 s171；来源：WEBpatente definiz.js；需人工校对,https://www.rmastri.it/42/immagini/s171.gif,rmastri.it,https://www.rmastri.it/42/immagini/s171.gif,external image link; needs manual verification before commercial use,unverified_external_link,WORD_000217
交通标志与图形 - 指示标志,segnale di preselezione urbano,城市道路车道预选标志。,,Figura n. 172: segnale di preselezione urbano.,图形 172 表示城市道路上提前选择车道或行驶方向。,图形编号 s172；来源：WEBpatente definiz.js；需人工校对,https://www.rmastri.it/42/immagini/s172.gif,rmastri.it,https://www.rmastri.it/42/immagini/s172.gif,external image link; needs manual verification before commercial use,unverified_external_link,WORD_000218
交通标志与图形 - 指示标志,preavviso di diramazione autostradale,高速公路分岔预告标志。,,Figura n. 173: preavviso di diramazione autostradale.,图形 173 表示前方高速公路出现分岔。,图形编号 s173；来源：WEBpatente definiz.js,https://www.rmastri.it/42/immagini/s173.gif,rmastri.it,https://www.rmastri.it/42/immagini/s173.gif,external image link; needs manual verification before commercial use,unverified_external_link,WORD_000219
交通标志与图形 - 指示标志,preavviso di diramazione urbana,城市道路分岔预告标志。,,Figura n. 174: preavviso di diramazione urbana.,图形 174 表示前方城市道路出现分岔或方向分流。,图形编号 s174；来源：WEBpatente definiz.js；需人工校对,https://www.rmastri.it/42/immagini/s174.gif,rmastri.it,https://www.rmastri.it/42/immagini/s174.gif,external image link; needs manual verification before commercial use,unverified_external_link,WORD_000220
交通标志与图形 - 指示标志,segnale di itinerario extraurbano,郊外道路路线指示标志。,,Figura n. 182: segnale di itinerario extraurbano.,图形 182 表示郊外道路的路线或行驶方向信息。,图形编号 s182；来源：WEBpatente definiz.js；需人工校对,https://www.rmastri.it/42/immagini/s182.gif,rmastri.it,https://www.rmastri.it/42/immagini/s182.gif,external image link; needs manual verification before commercial use,unverified_external_link,WORD_000221
交通标志与图形 - 指示标志,fine centro abitato e segnale di conferma delle località successive,居民区结束，并确认后续地点方向。,,Figura n. 183: fine centro abitato e segnale di conferma delle località successive.,该标志表示居民区结束，同时显示后续地点信息。,图形编号 s183；来源：WEBpatente definiz.js,https://www.rmastri.it/42/immagini/s183.gif,rmastri.it,https://www.rmastri.it/42/immagini/s183.gif,external image link; needs manual verification before commercial use,unverified_external_link,WORD_000222
交通标志与图形 - 指示标志,segnale di conferma autostradale,高速公路确认标志。,,Figura n. 184: segnale di conferma autostradale.,图形 184 表示确认当前高速公路方向或路线信息。,图形编号 s184；来源：WEBpatente definiz.js；需人工校对,https://www.rmastri.it/42/immagini/s184.gif,rmastri.it,https://www.rmastri.it/42/immagini/s184.gif,external image link; needs manual verification before commercial use,unverified_external_link,WORD_000223
交通标志与图形 - 指示标志,area pedonale,步行区域。,,Figura n. 186: area pedonale.,图形 186 表示该区域主要供行人通行。,图形编号 s186；来源：WEBpatente definiz.js,https://www.rmastri.it/42/immagini/s186.gif,rmastri.it,https://www.rmastri.it/42/immagini/s186.gif,external image link; needs manual verification before commercial use,unverified_external_link,WORD_000224
交通标志与图形 - 指示标志,zona a traffico limitato,限制交通区域。,,Figura n. 187: zona a traffico limitato.,图形 187 表示车辆通行受限制的区域。,图形编号 s187；来源：WEBpatente definiz.js,https://www.rmastri.it/42/immagini/s187.gif,rmastri.it,https://www.rmastri.it/42/immagini/s187.gif,external image link; needs manual verification before commercial use,unverified_external_link,WORD_000225
交通标志与图形 - 指示标志,transitabilità: passo aperto con obbligo di catene o pneumatici da neve,通行情况：山口开放，但必须使用防滑链或雪地轮胎。,,Figura n. 189: transitabilità: passo aperto con obbligo di catene o pneumatici da neve.,该标志说明山口可通行，但车辆必须配备防滑链或雪地轮胎。,图形编号 s192；来源：WEBpatente definiz.js；需人工校对,https://www.rmastri.it/42/immagini/s189.gif,rmastri.it,https://www.rmastri.it/42/immagini/s189.gif,external image link; needs manual verification before commercial use,unverified_external_link,WORD_000226
交通标志与图形 - 指示标志,"transitabilità: tratto terminale della strada chiuso, percorribile fino a trafori con catene o pneumatici da neve raccomandati (facoltative)",通行情况：道路最后一段封闭，建议（可选）使用防滑链或雪地轮胎可通行至隧道处,,"Figura n. 193: transitabilità: tratto terminale della strada chiuso, percorribile fino a trafoi con catene o pneumatici da neve raccomandati (facoltative).",该图形表示：道路最后一段封闭，建议（可选）使用防滑链或雪地轮胎可通行至隧道处。,图形编号 s193；来源：WEBpatente definiz.js；需人工校对,https://www.rmastri.it/42/immagini/s193.gif,rmastri.it,https://www.rmastri.it/42/immagini/s193.gif,external image link; needs manual verification before commercial use,unverified_external_link,WORD_000227
交通标志与图形 - 指示标志,inizio strada extraurbana principale,主要郊外道路开始。,,Figura n. 194: inizio strada extraurbana principale.,图形 194 表示主要郊外道路从此处开始。,图形编号 s194；来源：WEBpatente definiz.js,https://www.rmastri.it/42/immagini/s194.gif,rmastri.it,https://www.rmastri.it/42/immagini/s194.gif,external image link; needs manual verification before commercial use,unverified_external_link,WORD_000228
交通标志与图形 - 指示标志,limiti di velocità generali valevoli in italia,意大利通用最高限速提示。,,Figura n. 197: limiti di velocità generali valevoli in italia.,图形 197 表示意大利不同道路类型的一般速度限制。,图形编号 s197；来源：WEBpatente definiz.js,https://www.rmastri.it/42/immagini/s197.gif,rmastri.it,https://www.rmastri.it/42/immagini/s197.gif,external image link; needs manual verification before commercial use,unverified_external_link,WORD_000229
交通标志与图形 - 指示标志,segnale di identificazione itinerario internazionale n. 55,国际路线编号55识别标志。,,Figura n. 199: segnale di identificazione itinerario internazionale n. 55.,该标志用于识别编号为55的国际路线。,图形编号 s199；来源：WEBpatente definiz.js,https://www.rmastri.it/42/immagini/s199.gif,rmastri.it,https://www.rmastri.it/42/immagini/s199.gif,external image link; needs manual verification before commercial use,unverified_external_link,WORD_000230
交通标志与图形 - 指示标志,segnale di identificazione autostrada n. 25,25 号高速公路识别标志。,,Figura n. 200: segnale di identificazione autostrada n. 25.,图形 200 表示编号为 25 的高速公路识别信息。,图形编号 s200；来源：WEBpatente definiz.js；需人工校对,https://www.rmastri.it/42/immagini/s200.gif,rmastri.it,https://www.rmastri.it/42/immagini/s200.gif,external image link; needs manual verification before commercial use,unverified_external_link,WORD_000231
交通标志与图形 - 指示标志,segnale di identificazione strada statale n. 2,国道编号2识别标志。,,Figura n. 201: segnale di identificazione strada statale n. 2.,该标志用于识别编号为2的国道。,图形编号 s213；来源：WEBpatente definiz.js,https://www.rmastri.it/42/immagini/s201.gif,rmastri.it,https://www.rmastri.it/42/immagini/s201.gif,external image link; needs manual verification before commercial use,unverified_external_link,WORD_000232
交通标志与图形 - 指示标志,segnale di identificazione strada comunale n. 19,市镇道路编号19识别标志。,,Figura n. 203: segnale di identificazione strada comunale n. 19.,该标志用于识别编号为19的市镇道路。,图形编号 s214；来源：WEBpatente definiz.js,https://www.rmastri.it/42/immagini/s203.gif,rmastri.it,https://www.rmastri.it/42/immagini/s203.gif,external image link; needs manual verification before commercial use,unverified_external_link,WORD_000233
交通标志与图形 - 指示标志,progressiva distanziometrica autostradale,高速公路距离递增标志。,,Figura n. 206: progressiva distanziometrica autostradale.,图形 206 表示高速公路上的里程或距离递增信息。,图形编号 s206；来源：WEBpatente definiz.js；需人工校对,https://www.rmastri.it/42/immagini/s206.gif,rmastri.it,https://www.rmastri.it/42/immagini/s206.gif,external image link; needs manual verification before commercial use,unverified_external_link,WORD_000234
交通标志与图形 - 指示标志,inizio centro abitato,居民区开始。,,Figura n. 207: inizio centro abitato.,图形 207 表示进入居民区。,图形编号 s207；来源：WEBpatente definiz.js,https://www.rmastri.it/42/immagini/s207.gif,rmastri.it,https://www.rmastri.it/42/immagini/s207.gif,external image link; needs manual verification before commercial use,unverified_external_link,WORD_000235
交通标志与图形 - 指示标志,pronto soccorso,急救站,,Figura n. 210: pronto soccorso.,图形 210 表示：急救站。,图形编号 s210；来源：WEBpatente definiz.js,https://www.rmastri.it/42/immagini/s210.gif,rmastri.it,https://www.rmastri.it/42/immagini/s210.gif,external image link; needs manual verification before commercial use,unverified_external_link,WORD_000236
交通标志与图形 - 指示标志,ospedale,医院,,Figura n. 214: ospedale.,图形 214 表示：医院。,图形编号 s214；来源：WEBpatente definiz.js,https://www.rmastri.it/42/immagini/s214.gif,rmastri.it,https://www.rmastri.it/42/immagini/s214.gif,external image link; needs manual verification before commercial use,unverified_external_link,WORD_000237
交通标志与图形 - 指示标志,segnale di localizzazione territoriale (nome del fiume),地理位置标志，通常显示河流名称。,,Figura n. 216: segnale di localizzazione territoriale (nome del fiume).,图形 216 表示所在区域或地理对象名称，例如河流名称。,图形编号 s216；来源：WEBpatente definiz.js,https://www.rmastri.it/42/immagini/s216.gif,rmastri.it,https://www.rmastri.it/42/immagini/s216.gif,external image link; needs manual verification before commercial use,unverified_external_link,WORD_000238
交通标志与图形 - 指示标志,preavviso di informazioni turistico-alberghiere,旅游和住宿信息预告标志。,,Figura n. 217: preavviso di informazioni turistico-alberghiere.,图形 217 表示前方有旅游、酒店或住宿相关信息。,图形编号 s217；来源：WEBpatente definiz.js,https://www.rmastri.it/42/immagini/s217.gif,rmastri.it,https://www.rmastri.it/42/immagini/s217.gif,external image link; needs manual verification before commercial use,unverified_external_link,WORD_000239
交通标志与图形 - 指示标志,localizzazione di attraversamento pedonale,人行横道位置标志。,,Figura n. 218: localizzazione di attraversamento pedonale.,图形 218 表示人行横道所在位置。,图形编号 s218；来源：WEBpatente definiz.js,https://www.rmastri.it/42/immagini/s218.gif,rmastri.it,https://www.rmastri.it/42/immagini/s218.gif,external image link; needs manual verification before commercial use,unverified_external_link,WORD_000240
交通标志与图形 - 指示标志,fermata scuolabus,校车停靠点,,Figura n. 219: fermata scuolabus.,图形 219 表示：校车停靠点。,图形编号 s219；来源：WEBpatente definiz.js,https://www.rmastri.it/42/immagini/s219.gif,rmastri.it,https://www.rmastri.it/42/immagini/s219.gif,external image link; needs manual verification before commercial use,unverified_external_link,WORD_000241
交通标志与图形 - 指示标志,s.o.s.: dispositivo di chiamata stradale di soccorso o di assistenza,道路救援呼叫装置。,,Figura n. 220: s.o.s.: dispositivo di chiamata stradale di soccorso o di assistenza.,图形 220 表示可用于请求道路救援或协助的呼叫设备。,图形编号 s220；来源：WEBpatente definiz.js,https://www.rmastri.it/42/immagini/s220.gif,rmastri.it,https://www.rmastri.it/42/immagini/s220.gif,external image link; needs manual verification before commercial use,unverified_external_link,WORD_000242
交通标志与图形 - 指示标志,strada senza uscita,死胡同 / 无出口道路,,Figura n. 224: strada senza uscita.,图形 224 表示：死胡同 / 无出口道路。,图形编号 s224；来源：WEBpatente definiz.js,https://www.rmastri.it/42/immagini/s224.gif,rmastri.it,https://www.rmastri.it/42/immagini/s224.gif,external image link; needs manual verification before commercial use,unverified_external_link,WORD_000243
交通标志与图形 - 指示标志,preavviso di strada senza uscita,前方死胡同预告。,,Figura n. 225: preavviso di strada senza uscita.,该标志提前提示前方道路没有出口。,图形编号 s225；来源：WEBpatente definiz.js,https://www.rmastri.it/42/immagini/s225.gif,rmastri.it,https://www.rmastri.it/42/immagini/s225.gif,external image link; needs manual verification before commercial use,unverified_external_link,WORD_000244
交通标志与图形 - 指示标志,velocità consigliata,建议速度。,,Figura n. 226: velocità consigliata.,图形 226 表示建议车辆按该速度行驶。,图形编号 s226；来源：WEBpatente definiz.js,https://www.rmastri.it/42/immagini/s226.gif,rmastri.it,https://www.rmastri.it/42/immagini/s226.gif,external image link; needs manual verification before commercial use,unverified_external_link,WORD_000245
交通标志与图形 - 指示标志,strada riservata ai soli veicoli a motore,机动车专用道路。,,Figura n. 228: strada riservata ai soli veicoli a motore.,该标志表示道路仅供机动车通行。,图形编号 s227；来源：WEBpatente definiz.js,https://www.rmastri.it/42/immagini/s228.gif,rmastri.it,https://www.rmastri.it/42/immagini/s228.gif,external image link; needs manual verification before commercial use,unverified_external_link,WORD_000246
交通标志与图形 - 指示标志,galleria autostradale,高速公路隧道。,,Figura n. 230: galleria autostradale.,图形 230 表示前方为高速公路隧道。,图形编号 s230；来源：WEBpatente definiz.js,https://www.rmastri.it/42/immagini/s230.gif,rmastri.it,https://www.rmastri.it/42/immagini/s230.gif,external image link; needs manual verification before commercial use,unverified_external_link,WORD_000247
交通标志与图形 - 指示标志,"ponte, viadotto o cavalcavia autostradale",高速公路桥梁、高架桥或立交桥。,,"Figura n. 231: ponte, viadotto o cavalcavia autostradale.",图形 231 表示高速公路上的桥梁、高架桥或立交桥。,图形编号 s231；来源：WEBpatente definiz.js,https://www.rmastri.it/42/immagini/s231.gif,rmastri.it,https://www.rmastri.it/42/immagini/s231.gif,external image link; needs manual verification before commercial use,unverified_external_link,WORD_000248
交通标志与图形 - 指示标志,localizzazione di attraversamento ciclabile,自行车横道位置标志。,,Figura n. 236: localizzazione di attraversamento ciclabile.,图形 236 表示自行车横道所在位置。,图形编号 s236；来源：WEBpatente definiz.js,https://www.rmastri.it/42/immagini/s236.gif,rmastri.it,https://www.rmastri.it/42/immagini/s236.gif,external image link; needs manual verification before commercial use,unverified_external_link,WORD_000249
交通标志与图形 - 指示标志,svolta a sinistra indiretta,间接左转,,Figura n. 238: svolta a sinistra indiretta.,该图形表示：间接左转。,图形编号 s238；来源：WEBpatente definiz.js；需人工校对,https://www.rmastri.it/42/immagini/s238.gif,rmastri.it,https://www.rmastri.it/42/immagini/s238.gif,external image link; needs manual verification before commercial use,unverified_external_link,WORD_000250
交通标志与图形 - 指示标志,cavalcavia o sottopassaggio per l’inversione di marcia,用于掉头的上跨桥或下穿通道。,,Figura n. 239: cavalcavia o sottopassaggio per l’inversione di marcia.,该标志指示可通过上跨桥或下穿通道完成掉头。,图形编号 s236；来源：WEBpatente definiz.js；需人工校对,https://www.rmastri.it/42/immagini/s239.gif,rmastri.it,https://www.rmastri.it/42/immagini/s239.gif,external image link; needs manual verification before commercial use,unverified_external_link,WORD_000251
交通标志与图形 - 指示标志,piazzola di sosta su strada extraurbana,郊外道路停车区。,,Figura n. 240: piazzola di sosta su strada extraurbana.,图形 240 表示郊外道路旁可停车的区域。,图形编号 s240；来源：WEBpatente definiz.js,https://www.rmastri.it/42/immagini/s240.gif,rmastri.it,https://www.rmastri.it/42/immagini/s240.gif,external image link; needs manual verification before commercial use,unverified_external_link,WORD_000252
交通标志与图形 - 指示标志,"uso corsie su strada extraurbana con divieto di transito nella corsia di sinistra per i veicoli adibiti al trasporto di merci che superano 3,5 t.",郊外道路车道使用：左侧车道禁止超过3.5吨货运车辆通行。,,"Figura n. 242: uso corsie su strada extraurbana con divieto di transito nella corsia di sinistra per i veicoli adibiti al trasporto di merci che superano 3,5 t..",该标志说明郊外道路各车道用途，超过3.5吨的货运车辆不得使用左侧车道。,图形编号 s242；来源：WEBpatente definiz.js；需人工校对,https://www.rmastri.it/42/immagini/s242.gif,rmastri.it,https://www.rmastri.it/42/immagini/s242.gif,external image link; needs manual verification before commercial use,unverified_external_link,WORD_000253
交通标志与图形 - 指示标志,uso corsie su autostrada con limiti minimi di velocità,高速公路车道使用规则，附最低限速。,,Figura n. 243: uso corsie su autostrada con limiti minimi di velocità.,图形 243 表示高速公路不同车道对应的最低速度要求。,图形编号 s243；来源：WEBpatente definiz.js；需人工校对,https://www.rmastri.it/42/immagini/s243.gif,rmastri.it,https://www.rmastri.it/42/immagini/s243.gif,external image link; needs manual verification before commercial use,unverified_external_link,WORD_000254
交通标志与图形 - 指示标志,uso corsie su strada urbana con corsia di destra riservata agli autobus,城市道路车道使用：右侧车道为公交车专用。,,Figura n. 245: uso corsie su strada urbana con corsia di destra riservata agli autobus.,该标志说明城市道路车道分配，右侧车道保留给公交车使用。,图形编号 s244；来源：WEBpatente definiz.js；需人工校对,https://www.rmastri.it/42/immagini/s245.gif,rmastri.it,https://www.rmastri.it/42/immagini/s245.gif,external image link; needs manual verification before commercial use,unverified_external_link,WORD_000255
交通标志与图形 - 指示标志,variazione corsie disponibili (in aumento) su strada extraurbana,郊外道路可用车道增加。,,Figura n. 247: variazione corsie disponibili (in aumento) su strada extraurbana.,图形 247 表示郊外道路前方可用车道数量增加。,图形编号 s247；来源：WEBpatente definiz.js,https://www.rmastri.it/42/immagini/s247.gif,rmastri.it,https://www.rmastri.it/42/immagini/s247.gif,external image link; needs manual verification before commercial use,unverified_external_link,WORD_000256
交通标志与图形 - 指示标志,variazione corsie disponibili (in diminuzione) su autostrada,高速公路可用车道减少。,,Figura n. 248: variazione corsie disponibili (in diminuzione) su autostrada.,图形 248 表示高速公路前方可用车道数量减少。,图形编号 s248；来源：WEBpatente definiz.js,https://www.rmastri.it/42/immagini/s248.gif,rmastri.it,https://www.rmastri.it/42/immagini/s248.gif,external image link; needs manual verification before commercial use,unverified_external_link,WORD_000257
交通标志与图形 - 指示标志,"preavviso di deviazione consigliata per autocarri che superano 3,5 t., autotreni ed autoarticolati",超过3.5吨货车、货车列车和铰接货车建议改道预告。,,"Figura n. 250: preavviso di deviazione consigliata per autocarri che superano 3,5 t., autotreni ed autoarticolati.",该标志提前提示重型货运车辆建议选择改道路线。,图形编号 s250；来源：WEBpatente definiz.js,https://www.rmastri.it/42/immagini/s250.gif,rmastri.it,https://www.rmastri.it/42/immagini/s250.gif,external image link; needs manual verification before commercial use,unverified_external_link,WORD_000258
交通标志与图形 - 指示标志,"direzione consigliata agli autocarri che superano 3,5 t.",建议超过3.5吨的货车行驶方向。,,"Figura n. 251: direzione consigliata agli autocarri che superano 3,5 t..",该标志为超过3.5吨的货车提示建议行驶方向。,图形编号 s250；来源：WEBpatente definiz.js,https://www.rmastri.it/42/immagini/s251.gif,rmastri.it,https://www.rmastri.it/42/immagini/s251.gif,external image link; needs manual verification before commercial use,unverified_external_link,WORD_000259
交通标志与图形 - 指示标志,assistenza meccanica (officina),车辆维修服务（修理厂）,,Figura n. 252: assistenza meccanica (officina).,该图形表示：车辆维修服务（修理厂）。,图形编号 s252；来源：WEBpatente definiz.js,https://www.rmastri.it/42/immagini/s252.gif,rmastri.it,https://www.rmastri.it/42/immagini/s252.gif,external image link; needs manual verification before commercial use,unverified_external_link,WORD_000260
交通标志与图形 - 指示标志,telefono,电话,,Figura n. 253: telefono.,图形 253 表示：电话。,图形编号 s253；来源：WEBpatente definiz.js,https://www.rmastri.it/42/immagini/s253.gif,rmastri.it,https://www.rmastri.it/42/immagini/s253.gif,external image link; needs manual verification before commercial use,unverified_external_link,WORD_000261
交通标志与图形 - 指示标志,rifornimento,加油站,,Figura n. 254: rifornimento.,图形 254 表示：加油站。,图形编号 s254；来源：WEBpatente definiz.js,https://www.rmastri.it/42/immagini/s254.gif,rmastri.it,https://www.rmastri.it/42/immagini/s254.gif,external image link; needs manual verification before commercial use,unverified_external_link,WORD_000262
交通标志与图形 - 指示标志,rifornimento con benzina ecologica,环保汽油加油服务。,,Figura n. 255: rifornimento con benzina ecologica.,图形 255 表示可提供环保汽油加油服务。,图形编号 s255；来源：WEBpatente definiz.js,https://www.rmastri.it/42/immagini/s255.gif,rmastri.it,https://www.rmastri.it/42/immagini/s255.gif,external image link; needs manual verification before commercial use,unverified_external_link,WORD_000263
交通标志与图形 - 指示标志,fermata autobus di linee extraurbane,郊外公交线路停靠站。,,Figura n. 256: fermata autobus di linee extraurbane.,图形 256 表示郊外公交线路的公交车停靠站。,图形编号 s256；来源：WEBpatente definiz.js,https://www.rmastri.it/42/immagini/s256.gif,rmastri.it,https://www.rmastri.it/42/immagini/s256.gif,external image link; needs manual verification before commercial use,unverified_external_link,WORD_000264
交通标志与图形 - 指示标志,"campeggio per tende, caravan ed autocaravan",帐篷、拖挂房车和房车露营地。,,"Figura n. 260: campeggio per tende, caravan ed autocaravan.",该标志指示可供帐篷、拖挂房车和房车使用的露营区域。,图形编号 s260；来源：WEBpatente definiz.js,https://www.rmastri.it/42/immagini/s260.gif,rmastri.it,https://www.rmastri.it/42/immagini/s260.gif,external image link; needs manual verification before commercial use,unverified_external_link,WORD_000265
交通标志与图形 - 指示标志,parcheggio di scambio con linee di autobus,换乘停车场，可换乘公交线路,,Figura n. 265: parcheggio di scambio con linee di autobus.,该图形表示：换乘停车场，可换乘公交线路。,图形编号 s265；来源：WEBpatente definiz.js,https://www.rmastri.it/42/immagini/s265.gif,rmastri.it,https://www.rmastri.it/42/immagini/s265.gif,external image link; needs manual verification before commercial use,unverified_external_link,WORD_000266
交通标志与图形 - 指示标志,auto al seguito,随车运输汽车服务,,Figura n. 270: auto al seguito.,该图形表示：随车运输汽车服务。,图形编号 s270；来源：WEBpatente definiz.js；需人工校对,https://www.rmastri.it/42/immagini/s270.gif,rmastri.it,https://www.rmastri.it/42/immagini/s270.gif,external image link; needs manual verification before commercial use,unverified_external_link,WORD_000267
交通标志与图形 - 指示标志,parcheggio per taxi,出租车停车处,,Figura n. 272: parcheggio per taxi.,该图形表示：出租车停车处。,图形编号 s272；来源：WEBpatente definiz.js,https://www.rmastri.it/42/immagini/s272.gif,rmastri.it,https://www.rmastri.it/42/immagini/s272.gif,external image link; needs manual verification before commercial use,unverified_external_link,WORD_000268
交通标志与图形 - 指示标志,area di sosta attrezzata con impianti di scarico,配有污水排放设施的停车区。,,Figura n. 273: area di sosta attrezzata con impianti di scarico.,图形 273 表示该停车区配有排放设施。,图形编号 s273；来源：WEBpatente definiz.js,https://www.rmastri.it/42/immagini/s273.gif,rmastri.it,https://www.rmastri.it/42/immagini/s273.gif,external image link; needs manual verification before commercial use,unverified_external_link,WORD_000269
交通标志与图形 - 指示标志,polizia stradale: indica notizie utili per raggiungere o comunicare con la sede più vicina di un comando di polizia stradale,交通警察信息标志：指示最近交通警察机构的位置或联系方式。,,Figura n. 274: polizia stradale: indica notizie utili per raggiungere o comunicare con la sede più vicina di un comando di polizia stradale.,该标志提供到达或联系最近交通警察机构的有用信息。,图形编号 s275；来源：WEBpatente definiz.js,https://www.rmastri.it/42/immagini/s274.gif,rmastri.it,https://www.rmastri.it/42/immagini/s274.gif,external image link; needs manual verification before commercial use,unverified_external_link,WORD_000270
交通标志与图形 - 临时与施工标志,lavori in corso,施工中,,Figura n. 275: lavori in corso.,图形 275 表示：施工中。,图形编号 s275；来源：WEBpatente definiz.js,https://www.rmastri.it/42/immagini/s275.gif,rmastri.it,https://www.rmastri.it/42/immagini/s275.gif,external image link; needs manual verification before commercial use,unverified_external_link,WORD_000271
交通标志与图形 - 临时与施工标志,barriera normale: segnala i confini dei cantieri di lavori in corso,普通施工护栏：标示道路施工区域边界。,,Figura n. 276: barriera normale: segnala i confini dei cantieri di lavori in corso.,图形 276 表示施工现场或道路作业区域的边界。,图形编号 s276；来源：WEBpatente definiz.js,https://www.rmastri.it/42/immagini/s276.gif,rmastri.it,https://www.rmastri.it/42/immagini/s276.gif,external image link; needs manual verification before commercial use,unverified_external_link,WORD_000272
交通标志与图形 - 临时与施工标志,"cono: segnala zone di lavoro di breve durata, incanalamenti temporanei, deviazioni, aree interessate da incidenti",交通锥：用于标示短时间施工区域、临时导流、绕行或事故影响区域。,,"Figura n. 278: cono: segnala zone di lavoro di breve durata, incanalamenti temporanei, deviazioni, aree interessate da incidenti.",图形 278 表示交通锥，用于提示临时施工、导流、绕行或事故区域。,图形编号 s278；来源：WEBpatente definiz.js,https://www.rmastri.it/42/immagini/s278.gif,rmastri.it,https://www.rmastri.it/42/immagini/s278.gif,external image link; needs manual verification before commercial use,unverified_external_link,WORD_000273
交通标志与图形 - 临时与施工标志,pannello applicato sui veicoli operatrici fermi sulla strada o in lento movimento,作业车辆警示面板：用于停在道路上或缓慢移动的作业车辆。,,Figura n. 279: pannello applicato sui veicoli operatrici fermi sulla strada o in lento movimento.,该面板提醒前方有作业车辆，车辆可能停在路上或低速移动。,图形编号 s279；来源：WEBpatente definiz.js,https://www.rmastri.it/42/immagini/s279.gif,rmastri.it,https://www.rmastri.it/42/immagini/s279.gif,external image link; needs manual verification before commercial use,unverified_external_link,WORD_000274
交通标志与图形 - 临时与施工标志,presegnale di cantiere mobile applicato sui veicoli operatrici e segnale di restringimento di corsia,移动施工预告：作业车辆和车道变窄标志。,,Figura n. 280: presegnale di cantiere mobile applicato sui veicoli operatrici e segnale di restringimento di corsia.,该标志提醒前方有移动施工车辆，并可能出现车道变窄。,图形编号 s280；来源：WEBpatente definiz.js；需人工校对,https://www.rmastri.it/42/immagini/s280.gif,rmastri.it,https://www.rmastri.it/42/immagini/s280.gif,external image link; needs manual verification before commercial use,unverified_external_link,WORD_000275
交通标志与图形 - 临时与施工标志,preavviso di deviazione per lavori in corso,前方施工，准备绕行,,Figura n. 282: preavviso di deviazione per lavori in corso.,该图形表示：前方施工，准备绕行。,图形编号 s282；来源：WEBpatente definiz.js,https://www.rmastri.it/42/immagini/s282.gif,rmastri.it,https://www.rmastri.it/42/immagini/s282.gif,external image link; needs manual verification before commercial use,unverified_external_link,WORD_000276
交通标志与图形 - 临时与施工标志,preavviso di deviazione con limitazione di transito,前方准备绕行，并有限制通行,,Figura n. 283: preavviso di deviazione con limitazione di transito.,该图形表示：前方准备绕行，并有限制通行。,图形编号 s283；来源：WEBpatente definiz.js,https://www.rmastri.it/42/immagini/s283.gif,rmastri.it,https://www.rmastri.it/42/immagini/s283.gif,external image link; needs manual verification before commercial use,unverified_external_link,WORD_000277
交通标志与图形 - 临时与施工标志,direzione obbligatoria diritto per autotreni ed autoarticolati,汽车列车和铰接车辆必须直行。,,Figura n. 284: direzione obbligatoria diritto per autotreni ed autoarticolati.,图形 284 表示汽车列车和铰接车辆必须按直行方向行驶。,图形编号 s284；来源：WEBpatente definiz.js,https://www.rmastri.it/42/immagini/s284.gif,rmastri.it,https://www.rmastri.it/42/immagini/s284.gif,external image link; needs manual verification before commercial use,unverified_external_link,WORD_000278
交通标志与图形 - 临时与施工标志,segnale di corsia chiusa (chiusura temporanea della corsia di destra),车道临时关闭标志，表示右侧车道暂时关闭。,,Figura n. 285: segnale di corsia chiusa (chiusura temporanea della corsia di destra).,图形 285 表示右侧车道因施工或其他原因临时关闭。,图形编号 s285；来源：WEBpatente definiz.js,https://www.rmastri.it/42/immagini/s285.gif,rmastri.it,https://www.rmastri.it/42/immagini/s285.gif,external image link; needs manual verification before commercial use,unverified_external_link,WORD_000279
交通标志与图形 - 临时与施工标志,uso corsie disponibili,可用车道使用指示。,,Figura n. 288: uso corsie disponibili.,图形 288 表示当前可用车道及其使用方向。,图形编号 s288；来源：WEBpatente definiz.js；需人工校对,https://www.rmastri.it/42/immagini/s288.gif,rmastri.it,https://www.rmastri.it/42/immagini/s288.gif,external image link; needs manual verification before commercial use,unverified_external_link,WORD_000280
交通标志与图形 - 临时与施工标志,delineatori normali di margine per strade a senso unico,单行道路普通边缘轮廓标。,,Figura n. 289: delineatori normali di margine per strade a senso unico.,图形 289 表示单行道路边缘的普通轮廓标。,图形编号 s289；来源：WEBpatente definiz.js,https://www.rmastri.it/42/immagini/s289.gif,rmastri.it,https://www.rmastri.it/42/immagini/s289.gif,external image link; needs manual verification before commercial use,unverified_external_link,WORD_000281
交通标志与图形 - 临时与施工标志,delineatori normali di margine per strade a doppio senso,双向道路普通边缘轮廓标。,,Figura n. 290: delineatori normali di margine per strade a doppio senso.,图形 290 表示双向道路边缘的普通轮廓标。,图形编号 s290；来源：WEBpatente definiz.js,https://www.rmastri.it/42/immagini/s290.gif,rmastri.it,https://www.rmastri.it/42/immagini/s290.gif,external image link; needs manual verification before commercial use,unverified_external_link,WORD_000282
交通标志与图形 - 临时与施工标志,delineatore per gallerie a senso unico o per strettoie e deviazioni permanenti,隧道、单行道、窄路或永久改道用轮廓标。,,Figura n. 291: delineatore per gallerie a senso unico o per strettoie e deviazioni permanenti.,图形 291 表示用于隧道、单行道、窄路或永久改道处的轮廓标。,图形编号 s291；来源：WEBpatente definiz.js；需人工校对,https://www.rmastri.it/42/immagini/s291.gif,rmastri.it,https://www.rmastri.it/42/immagini/s291.gif,external image link; needs manual verification before commercial use,unverified_external_link,WORD_000283
交通标志与图形 - 临时与施工标志,delineatore per strade di montagna soggette ad innevamento,积雪山区道路边缘标识桩。,,Figura n. 292: delineatore per strade di montagna soggette ad innevamento.,该标识用于容易积雪的山区道路，帮助识别道路边缘。,图形编号 s292；来源：WEBpatente definiz.js；需人工校对,https://www.rmastri.it/42/immagini/s292.gif,rmastri.it,https://www.rmastri.it/42/immagini/s292.gif,external image link; needs manual verification before commercial use,unverified_external_link,WORD_000284
交通标志与图形 - 临时与施工标志,delineatore di curva stretta o di tornante,急弯或发夹弯轮廓标。,,Figura n. 293: delineatore di curva stretta o di tornante.,图形 293 表示前方为急弯或发夹弯。,图形编号 s293；来源：WEBpatente definiz.js,https://www.rmastri.it/42/immagini/s293.gif,rmastri.it,https://www.rmastri.it/42/immagini/s293.gif,external image link; needs manual verification before commercial use,unverified_external_link,WORD_000285
交通标志与图形 - 临时与施工标志,delineatore per intersezione a “t”,T 形交叉路口轮廓标。,,Figura n. 294: delineatore per intersezione a “t”.,图形 294 表示前方为 T 形交叉路口。,图形编号 s294；来源：WEBpatente definiz.js,https://www.rmastri.it/42/immagini/s294.gif,rmastri.it,https://www.rmastri.it/42/immagini/s294.gif,external image link; needs manual verification before commercial use,unverified_external_link,WORD_000286
交通标志与图形 - 临时与施工标志,delineatore modulare di curva a destra,右弯模块式轮廓标。,,Figura n. 295: delineatore modulare di curva a destra.,图形 295 表示用于提示右侧弯道走向的模块式轮廓标。,图形编号 s295；来源：WEBpatente definiz.js,https://www.rmastri.it/42/immagini/s295.gif,rmastri.it,https://www.rmastri.it/42/immagini/s295.gif,external image link; needs manual verification before commercial use,unverified_external_link,WORD_000287
交通标志与图形 - 临时与施工标志,preavviso di semaforo temporaneo,临时交通信号灯预告标志。,,Figura n. 297: preavviso di semaforo temporaneo.,图形 297 表示前方设有临时交通信号灯。,图形编号 s297；来源：WEBpatente definiz.js,https://www.rmastri.it/42/immagini/s297.gif,rmastri.it,https://www.rmastri.it/42/immagini/s297.gif,external image link; needs manual verification before commercial use,unverified_external_link,WORD_000288
交通标志与图形 - 临时与施工标志,delineatore speciale di ostacolo,特殊障碍物轮廓标。,,Figura n. 299: delineatore speciale di ostacolo.,图形 299 表示道路上或道路旁存在障碍物，需要注意避让。,图形编号 s299；来源：WEBpatente definiz.js,https://www.rmastri.it/42/immagini/s299.gif,rmastri.it,https://www.rmastri.it/42/immagini/s299.gif,external image link; needs manual verification before commercial use,unverified_external_link,WORD_000289
交通标志与图形 - 临时与施工标志,segnali di limiti di velocità da applicare su alcuni veicoli,适用于某些车辆的限速标志。,,Figura n. 301: segnali di limiti di velocità da applicare su alcuni veicoli.,图形 301 表示某些车辆必须遵守标明的速度限制。,图形编号 s301；来源：WEBpatente definiz.js；需人工校对,https://www.rmastri.it/42/immagini/s301.gif,rmastri.it,https://www.rmastri.it/42/immagini/s301.gif,external image link; needs manual verification before commercial use,unverified_external_link,WORD_000290
交通标志与图形 - 临时与施工标志,pannello per carichi sporgenti,突出载荷警示板。,,Figura n. 302: pannello per carichi sporgenti.,该面板用于提醒车辆装载物向外突出。,图形编号 s340；来源：WEBpatente definiz.js,https://www.rmastri.it/42/immagini/s302.gif,rmastri.it,https://www.rmastri.it/42/immagini/s302.gif,external image link; needs manual verification before commercial use,unverified_external_link,WORD_000291
交通标志与图形 - 临时与施工标志,pannello per trasporto merci pericolose,危险货物运输标志板。,,Figura n. 303: pannello per trasporto merci pericolose.,该面板用于标识运输危险货物的车辆。,图形编号 s341；来源：WEBpatente definiz.js,https://www.rmastri.it/42/immagini/s303.gif,rmastri.it,https://www.rmastri.it/42/immagini/s303.gif,external image link; needs manual verification before commercial use,unverified_external_link,WORD_000292
交通标志与图形 - 临时与施工标志,"pannelli posteriori per autoveicoli adibiti al trasporto merci di massa a pieno carico oltre 3,5 t.",货运机动车后部识别板：用于满载质量超过3.5吨的车辆。,,"Figura n. 304: pannelli posteriori per autoveicoli adibiti al trasporto merci di massa a pieno carico oltre 3,5 t..",该识别板安装在超过3.5吨的货运机动车后部。,图形编号 s344；来源：WEBpatente definiz.js,https://www.rmastri.it/42/immagini/s304.gif,rmastri.it,https://www.rmastri.it/42/immagini/s304.gif,external image link; needs manual verification before commercial use,unverified_external_link,WORD_000293
交通标志与图形 - 临时与施工标志,"pannelli posteriori per rimorchi e semirimorchi adibiti al trasporto merci di massa a pieno carico oltre 3,5 t.",货运挂车和半挂车后部标志牌，适用于满载总质量超过3.5吨的车辆。,,"Figura n. 305: pannelli posteriori per rimorchi e semirimorchi adibiti al trasporto merci di massa a pieno carico oltre 3,5 t..",图形 305 表示货运挂车或半挂车后部需要设置的识别标志牌。,图形编号 s305；来源：WEBpatente definiz.js,https://www.rmastri.it/42/immagini/s305.gif,rmastri.it,https://www.rmastri.it/42/immagini/s305.gif,external image link; needs manual verification before commercial use,unverified_external_link,WORD_000294
交通标志与图形 - 指示标志,via di fuga,避险车道 / 逃生通道,,Figura n. 334: via di fuga.,图形 334 表示：避险车道 / 逃生通道。,图形编号 s334；来源：WEBpatente definiz.js,https://www.rmastri.it/42/immagini/s334.gif,rmastri.it,https://www.rmastri.it/42/immagini/s334.gif,external image link; needs manual verification before commercial use,unverified_external_link,WORD_000295
交通标志与图形 - 指示标志,estintore,灭火器,,Figura n. 335: estintore.,图形 335 表示：灭火器。,图形编号 s335；来源：WEBpatente definiz.js,https://www.rmastri.it/42/immagini/s335.gif,rmastri.it,https://www.rmastri.it/42/immagini/s335.gif,external image link; needs manual verification before commercial use,unverified_external_link,WORD_000296
交通标志与图形 - 交警手势,vigile in posizione di alt (rosso),交警停止手势，对应红灯。,,Figura n. 383: vigile in posizione di alt (rosso).,图形 383 表示交警要求车辆停止。,图形编号 s383；来源：WEBpatente definiz.js,https://www.rmastri.it/42/immagini/s383.gif,rmastri.it,https://www.rmastri.it/42/immagini/s383.gif,external image link; needs manual verification before commercial use,unverified_external_link,WORD_000297
交通标志与图形 - 交警手势,vigile in posizione di avanti (verde),交警放行手势，对应绿灯。,,Figura n. 384: vigile in posizione di avanti (verde).,图形 384 表示交警允许车辆前进。,图形编号 s384；来源：WEBpatente definiz.js,https://www.rmastri.it/42/immagini/s384.gif,rmastri.it,https://www.rmastri.it/42/immagini/s384.gif,external image link; needs manual verification before commercial use,unverified_external_link,WORD_000298
交通标志与图形 - 交警手势,vigile in posizione di attenzione (giallo fisso),交警注意姿势，对应固定黄灯信号。,,Figura n. 385: vigile in posizione di attenzione (giallo fisso).,图形 385 表示交警处于注意姿势，驾驶人应提高警惕。,图形编号 s385；来源：WEBpatente definiz.js；需人工校对,https://www.rmastri.it/42/immagini/s385.gif,rmastri.it,https://www.rmastri.it/42/immagini/s385.gif,external image link; needs manual verification before commercial use,unverified_external_link,WORD_000299
交通标志与图形 - 交警手势,"vigile con le braccia distese orizzontalmente a 90 gradi (via libera, in tutte le direzioni,  solo per i veicoli che provengono dalla mano sinistra del vigile)",交警双臂水平伸开：仅允许从交警左手方向驶来的车辆通行。,,"Figura n. 386: vigile con le braccia distese orizzontalmente a 90 gradi (via libera, in tutte le direzioni,  solo per i veicoli che provengono dalla mano sinistra del vigile).",看到该手势时，只有特定方向来车可以通行，其他方向车辆应按交警指挥停车或等待。,图形编号 s386；来源：WEBpatente definiz.js；需人工校对,https://www.rmastri.it/42/immagini/s386.gif,rmastri.it,https://www.rmastri.it/42/immagini/s386.gif,external image link; needs manual verification before commercial use,unverified_external_link,WORD_000300
交通标志与图形 - 路面标线,strisce di delimitazione gialle che individuano un’area di parcheggio destinata a persone invalide,黄色停车区标线：残疾人专用停车区域。,,Figura n. 445: strisce di delimitazione gialle che individuano un’area di parcheggio destinata a persone invalide.,黄色边线标示为残疾人预留的停车区域。,图形编号 s504；来源：WEBpatente definiz.js,https://www.rmastri.it/42/immagini/s445.gif,rmastri.it,https://www.rmastri.it/42/immagini/s445.gif,external image link; needs manual verification before commercial use,unverified_external_link,WORD_000301
交通标志与图形 - 路面标线,striscia bianca continua lungo l’asse,道路中心白色实线。,,Figura n. 501: striscia bianca continua lungo l’asse.,白色实线沿道路中心线设置，通常表示不得压线或越线。,图形编号 s501；来源：WEBpatente definiz.js,https://www.rmastri.it/42/immagini/s501.gif,rmastri.it,https://www.rmastri.it/42/immagini/s501.gif,external image link; needs manual verification before commercial use,unverified_external_link,WORD_000302
交通标志与图形 - 路面标线,striscia bianca discontinua (tratteggiata) lungo l’asse,道路中心白色虚线。,,Figura n. 502: striscia bianca discontinua (tratteggiata) lungo l’asse.,白色虚线沿道路中心线设置，在允许条件下可越线。,图形编号 s502；来源：WEBpatente definiz.js,https://www.rmastri.it/42/immagini/s502.gif,rmastri.it,https://www.rmastri.it/42/immagini/s502.gif,external image link; needs manual verification before commercial use,unverified_external_link,WORD_000303
交通标志与图形 - 路面标线,striscia bianca laterale discontinua che separa la carreggiata da un passo carrabile,分隔车行道与车辆出入口的白色侧向虚线。,,Figura n. 505: striscia bianca laterale discontinua che separa la carreggiata da un passo carrabile.,该标线用于区分车行道和车辆出入口区域。,图形编号 s505；来源：WEBpatente definiz.js；需人工校对,https://www.rmastri.it/42/immagini/s505.gif,rmastri.it,https://www.rmastri.it/42/immagini/s505.gif,external image link; needs manual verification before commercial use,unverified_external_link,WORD_000304
交通标志与图形 - 路面标线,strisce bianche discontinue di guida,白色虚线导向线。,,Figura n. 506: strisce bianche discontinue di guida.,该标线用于引导车辆按指定方向行驶。,图形编号 s506；来源：WEBpatente definiz.js,https://www.rmastri.it/42/immagini/s506.gif,rmastri.it,https://www.rmastri.it/42/immagini/s506.gif,external image link; needs manual verification before commercial use,unverified_external_link,WORD_000305
交通标志与图形 - 路面标线,doppia striscia bianca continua lungo l’asse,道路中心双白实线。,,Figura n. 509: doppia striscia bianca continua lungo l’asse.,双白实线沿道路中心设置，通常表示车辆不得越线。,图形编号 s509；来源：WEBpatente definiz.js,https://www.rmastri.it/42/immagini/s509.gif,rmastri.it,https://www.rmastri.it/42/immagini/s509.gif,external image link; needs manual verification before commercial use,unverified_external_link,WORD_000306
交通标志与图形 - 路面标线,piste ciclabili,自行车道标线。,,Figura n. 511: piste ciclabili.,图形 511 表示自行车专用或相关通行区域的路面标线。,图形编号 s511；来源：WEBpatente definiz.js,https://www.rmastri.it/42/immagini/s511.gif,rmastri.it,https://www.rmastri.it/42/immagini/s511.gif,external image link; needs manual verification before commercial use,unverified_external_link,WORD_000307
交通标志与图形 - 路面标线,striscia bianca laterale discontinua che individua il bordo della strada principale,标示主路边缘的白色虚线。,,Figura n. 512: striscia bianca laterale discontinua che individua il bordo della strada principale.,该图形表示：标示主路边缘的白色虚线。,图形编号 s512；来源：WEBpatente definiz.js,https://www.rmastri.it/42/immagini/s512.gif,rmastri.it,https://www.rmastri.it/42/immagini/s512.gif,external image link; needs manual verification before commercial use,unverified_external_link,WORD_000308
交通标志与图形 - 路面标线,striscia bianca laterale discontinua che separa la carreggiata da una piazzola di sosta,分隔车行道与停车区的白色侧向虚线。,,Figura n. 513: striscia bianca laterale discontinua che separa la carreggiata da una piazzola di sosta.,该图形表示：分隔车行道与停车区的白色侧向虚线。,图形编号 s513；来源：WEBpatente definiz.js；需人工校对,https://www.rmastri.it/42/immagini/s513.gif,rmastri.it,https://www.rmastri.it/42/immagini/s513.gif,external image link; needs manual verification before commercial use,unverified_external_link,WORD_000309
交通标志与图形 - 路面标线,strisca bianca trasversale continua,白色横向实线。,,Figura n. 515: strisca bianca trasversale continua.,该横向实线通常用于要求车辆停车或遵守优先规则的位置。,图形编号 s515；来源：WEBpatente definiz.js；需人工校对,https://www.rmastri.it/42/immagini/s515.gif,rmastri.it,https://www.rmastri.it/42/immagini/s515.gif,external image link; needs manual verification before commercial use,unverified_external_link,WORD_000310
交通标志与图形 - 路面标线,attraversamento pedonale diretto posto su strada urbana ed extraurbana,城市和郊外道路上的直向人行横道。,,Figura n. 517: attraversamento pedonale diretto posto su strada urbana ed extraurbana.,图形 517 表示设置在城市或郊外道路上的直向人行横道。,图形编号 s517；来源：WEBpatente definiz.js,https://www.rmastri.it/42/immagini/s517.gif,rmastri.it,https://www.rmastri.it/42/immagini/s517.gif,external image link; needs manual verification before commercial use,unverified_external_link,WORD_000311
交通标志与图形 - 路面标线,attraversamento pedonale obliquo posto su strada urbana ed extraurbana,城市和郊外道路上的斜向人行横道。,,Figura n. 518: attraversamento pedonale obliquo posto su strada urbana ed extraurbana.,图形 518 表示设置在城市或郊外道路上的斜向人行横道。,图形编号 s518；来源：WEBpatente definiz.js,https://www.rmastri.it/42/immagini/s518.gif,rmastri.it,https://www.rmastri.it/42/immagini/s518.gif,external image link; needs manual verification before commercial use,unverified_external_link,WORD_000312
交通标志与图形 - 路面标线,scritta “stop” sulla pavimentazione (obbligo di fermarsi e dare la precedenza),路面停车让行字样：必须停车并让行。,,Figura n. 519: scritta “stop” sulla pavimentazione (obbligo di fermarsi e dare la precedenza).,看到路面停车让行字样时，车辆必须停车并让有优先权的车辆先行。,图形编号 s519；来源：WEBpatente definiz.js,https://www.rmastri.it/42/immagini/s519.gif,rmastri.it,https://www.rmastri.it/42/immagini/s519.gif,external image link; needs manual verification before commercial use,unverified_external_link,WORD_000313
交通标志与图形 - 路面标线,attraversamento ciclabile diretto posto su strada urbana ed extraurbana,城市和郊外道路上的直向自行车横道。,,Figura n. 520: attraversamento ciclabile diretto posto su strada urbana ed extraurbana.,图形 520 表示设置在城市或郊外道路上的直向自行车横道。,图形编号 s520；来源：WEBpatente definiz.js,https://www.rmastri.it/42/immagini/s520.gif,rmastri.it,https://www.rmastri.it/42/immagini/s520.gif,external image link; needs manual verification before commercial use,unverified_external_link,WORD_000314
交通标志与图形 - 路面标线,attraversamento ciclabile obliquo posto su strada urbana ed extraurbana,城市和郊外道路上的斜向自行车横道。,,Figura n. 521: attraversamento ciclabile obliquo posto su strada urbana ed extraurbana.,图形 521 表示设置在城市或郊外道路上的斜向自行车横道。,图形编号 s521；来源：WEBpatente definiz.js,https://www.rmastri.it/42/immagini/s521.gif,rmastri.it,https://www.rmastri.it/42/immagini/s521.gif,external image link; needs manual verification before commercial use,unverified_external_link,WORD_000315
交通标志与图形 - 路面标线,velocita’ consigliata,建议速度。,,Figura n. 528: velocita’ consigliata.,图形 528 表示建议车辆按该速度行驶。,图形编号 s528；来源：WEBpatente definiz.js,https://www.rmastri.it/42/immagini/s528.gif,rmastri.it,https://www.rmastri.it/42/immagini/s528.gif,external image link; needs manual verification before commercial use,unverified_external_link,WORD_000316
交通标志与图形 - 路面标线,simbolo di passaggio a livello sulla pavimentazione (p e l),路面上的铁路平交道口符号。,,Figura n. 531: simbolo di passaggio a livello sulla pavimentazione (p e l).,图形 531 表示路面标有铁路平交道口提示符号。,图形编号 s531；来源：WEBpatente definiz.js,https://www.rmastri.it/42/immagini/s531.gif,rmastri.it,https://www.rmastri.it/42/immagini/s531.gif,external image link; needs manual verification before commercial use,unverified_external_link,WORD_000317
交通标志与图形 - 路面标线,rallentatore ottico di velocita’,视觉减速标线。,,Figura n. 534: rallentatore ottico di velocita’.,图形 534 表示通过视觉效果提醒驾驶人减速的路面标线。,图形编号 s534；来源：WEBpatente definiz.js,https://www.rmastri.it/42/immagini/s534.gif,rmastri.it,https://www.rmastri.it/42/immagini/s534.gif,external image link; needs manual verification before commercial use,unverified_external_link,WORD_000318
交通标志与图形 - 路面标线,dosso artificiale rallentatore di velocita’,人工减速丘。,,Figura n. 535: dosso artificiale rallentatore di velocita’.,该设施用于让车辆降低速度。,图形编号 s535；来源：WEBpatente definiz.js,https://www.rmastri.it/42/immagini/s535.gif,rmastri.it,https://www.rmastri.it/42/immagini/s535.gif,external image link; needs manual verification before commercial use,unverified_external_link,WORD_000319
交通标志与图形 - 路面标线,segnaletica orizzontale in corrispondenza di un dosso,凸起路段附近的路面标线。,,Figura n. 536: segnaletica orizzontale in corrispondenza di un dosso.,图形 536 表示在道路隆起或减速丘附近设置的路面标线。,图形编号 s536；来源：WEBpatente definiz.js,https://www.rmastri.it/42/immagini/s536.gif,rmastri.it,https://www.rmastri.it/42/immagini/s536.gif,external image link; needs manual verification before commercial use,unverified_external_link,WORD_000320
交通标志与图形 - 路面标线,striscia bianca laterale discontinua che separa la carreggiata da una corsia di accelerazione,分隔车行道与加速车道的白色侧向虚线。,,Figura n. 537: striscia bianca laterale discontinua che separa la carreggiata da una corsia di accelerazione.,该标线用于区分主车行道和加速车道。,图形编号 s537；来源：WEBpatente definiz.js；需人工校对,https://www.rmastri.it/42/immagini/s537.gif,rmastri.it,https://www.rmastri.it/42/immagini/s537.gif,external image link; needs manual verification before commercial use,unverified_external_link,WORD_000321
交通标志与图形 - 路面标线,frecce di rientro su strada a doppio senso,双向道路上的回归车道箭头。,,Figura n. 542: frecce di rientro su strada a doppio senso.,该箭头提示车辆返回正确车道，通常用于超车或车道变化结束处。,图形编号 s539；来源：WEBpatente definiz.js；需人工校对,https://www.rmastri.it/42/immagini/s542.gif,rmastri.it,https://www.rmastri.it/42/immagini/s542.gif,external image link; needs manual verification before commercial use,unverified_external_link,WORD_000322
交通标志与图形 - 路面标线,strisce di guida per la svolta a sinistra,左转导向线。,,Figura n. 543: strisce di guida per la svolta a sinistra.,图形 543 表示车辆左转时可参考的导向标线。,图形编号 s543；来源：WEBpatente definiz.js,https://www.rmastri.it/42/immagini/s543.gif,rmastri.it,https://www.rmastri.it/42/immagini/s543.gif,external image link; needs manual verification before commercial use,unverified_external_link,WORD_000323
交通标志与图形 - 路面标线,striscia gialla a zig zag,黄色锯齿形标线。,,Figura n. 545: striscia gialla a zig zag.,图形 545 表示黄色锯齿形道路标线。,图形编号 s545；来源：WEBpatente definiz.js；需人工校对,https://www.rmastri.it/42/immagini/s545.gif,rmastri.it,https://www.rmastri.it/42/immagini/s545.gif,external image link; needs manual verification before commercial use,unverified_external_link,WORD_000324
交通标志与图形 - 路面标线,striscia di delimitazione per la fermata di autobus e filobus,公交车和无轨电车停靠区域边界线。,,Figura n. 546: striscia di delimitazione per la fermata di autobus e filobus.,图形 546 表示公交车或无轨电车停靠区域的边界。,图形编号 s546；来源：WEBpatente definiz.js,https://www.rmastri.it/42/immagini/s546.gif,rmastri.it,https://www.rmastri.it/42/immagini/s546.gif,external image link; needs manual verification before commercial use,unverified_external_link,WORD_000325
交通标志与图形 - 路面标线,corsie di canalizzazione con frecce direzionali su strada a doppio senso,双向道路上的导向车道和方向箭头。,,Figura n. 547: corsie di canalizzazione con frecce direzionali su strada a doppio senso.,图形 547 表示双向道路中的车道分流和转向指示。,图形编号 s547；来源：WEBpatente definiz.js,https://www.rmastri.it/42/immagini/s547.gif,rmastri.it,https://www.rmastri.it/42/immagini/s547.gif,external image link; needs manual verification before commercial use,unverified_external_link,WORD_000326
交通标志与图形 - 路面标线,strada a doppio senso con quattro corsie,四车道双向道路。,,Figura n. 550: strada a doppio senso con quattro corsie.,图形 550 表示共有四条车道的双向通行道路。,图形编号 s550；来源：WEBpatente definiz.js,https://www.rmastri.it/42/immagini/s550.gif,rmastri.it,https://www.rmastri.it/42/immagini/s550.gif,external image link; needs manual verification before commercial use,unverified_external_link,WORD_000327
交通标志与图形 - 路面标线,strada a doppio senso con sei corsie,六车道双向道路。,,Figura n. 552: strada a doppio senso con sei corsie.,图形 552 表示共有六条车道的双向通行道路。,图形编号 s552；来源：WEBpatente definiz.js,https://www.rmastri.it/42/immagini/s552.gif,rmastri.it,https://www.rmastri.it/42/immagini/s552.gif,external image link; needs manual verification before commercial use,unverified_external_link,WORD_000328
交通标志与图形 - 路面标线,striscia bianca laterale continua che separa la carraeggiata dalla corsia di emergenza,分隔车行道与应急车道的白色侧向实线。,,Figura n. 553: striscia bianca laterale continua che separa la carraeggiata dalla corsia di emergenza.,该标线用于区分正常车行道和应急车道。,图形编号 s545；来源：WEBpatente definiz.js,https://www.rmastri.it/42/immagini/s553.gif,rmastri.it,https://www.rmastri.it/42/immagini/s553.gif,external image link; needs manual verification before commercial use,unverified_external_link,WORD_000329
交通标志与图形 - 路面标线,strada a tre corsie,三车道道路。,,Figura n. 554: strada a tre corsie.,图形 554 表示一条道路共有三条车道。,图形编号 s554；来源：WEBpatente definiz.js,https://www.rmastri.it/42/immagini/s554.gif,rmastri.it,https://www.rmastri.it/42/immagini/s554.gif,external image link; needs manual verification before commercial use,unverified_external_link,WORD_000330
交通标志与图形 - 路面标线,strada a due carreggiate e quattro corsie,双车行道的四车道公路,,Figura n. 558: strada a due carreggiate e quattro corsie.,该图形表示：双车行道的四车道公路。,图形编号 s558；来源：WEBpatente definiz.js,https://www.rmastri.it/42/immagini/s558.gif,rmastri.it,https://www.rmastri.it/42/immagini/s558.gif,external image link; needs manual verification before commercial use,unverified_external_link,WORD_000331
交通标志与图形 - 路面标线,strada a due carreggiate e sei corsie,双车行道的六车道公路,,Figura n. 559: strada a due carreggiate e sei corsie.,该图形表示：双车行道的六车道公路。,图形编号 s559；来源：WEBpatente definiz.js,https://www.rmastri.it/42/immagini/s559.gif,rmastri.it,https://www.rmastri.it/42/immagini/s559.gif,external image link; needs manual verification before commercial use,unverified_external_link,WORD_000332
交通标志与图形 - 路面标线,strada a tre carreggiate e otto corsie,三车行道的八车道公路,,Figura n. 562: strada a tre carreggiate e otto corsie.,该图形表示：三车行道的八车道公路。,图形编号 s562；来源：WEBpatente definiz.js,https://www.rmastri.it/42/immagini/s562.gif,rmastri.it,https://www.rmastri.it/42/immagini/s562.gif,external image link; needs manual verification before commercial use,unverified_external_link,WORD_000333
交通标志与图形 - 路面标线,striscia trasversale continua,横向实线。,,Figura n. 563: striscia trasversale continua.,该标线横向设置，常用于停车线或让行位置。,图形编号 s554；来源：WEBpatente definiz.js；需人工校对,https://www.rmastri.it/42/immagini/s563.gif,rmastri.it,https://www.rmastri.it/42/immagini/s563.gif,external image link; needs manual verification before commercial use,unverified_external_link,WORD_000334
交通标志与图形 - 路面标线,corsie di canalizzazione con frecce direzionali su strada a senso unico,带有方向箭头的单行道,,Figura n. 564: corsie di canalizzazione con frecce direzionali su strada a senso unico.,该图形表示：带有方向箭头的单行道。,图形编号 s564；来源：WEBpatente definiz.js,https://www.rmastri.it/42/immagini/s564.gif,rmastri.it,https://www.rmastri.it/42/immagini/s564.gif,external image link; needs manual verification before commercial use,unverified_external_link,WORD_000335
交通标志与图形 - 路面标线,corsie di canalizzazione con frecce direzionali su strada a doppio senso,双向道路上的导向车道和方向箭头。,,Figura n. 565: corsie di canalizzazione con frecce direzionali su strada a doppio senso.,图形 565 表示双向道路中的车道分流和转向指示。,图形编号 s565；来源：WEBpatente definiz.js,https://www.rmastri.it/42/immagini/s565.gif,rmastri.it,https://www.rmastri.it/42/immagini/s565.gif,external image link; needs manual verification before commercial use,unverified_external_link,WORD_000336
交通标志与图形 - 路面标线,"striscia longitudinale discontinua e continua posta dopo un pericolo (curva, dosso, incrocio)",危险路段后方的纵向虚实线。,,"Figura n. 566: striscia longitudinale discontinua e continua posta dopo un pericolo (curva, dosso, incrocio).",该标线出现在弯道、坡顶或交叉口等危险点之后。,图形编号 s566；来源：WEBpatente definiz.js；需人工校对,https://www.rmastri.it/42/immagini/s566.gif,rmastri.it,https://www.rmastri.it/42/immagini/s566.gif,external image link; needs manual verification before commercial use,unverified_external_link,WORD_000337
交通标志与图形 - 路面标线,"striscia longitudinale continua e discontinua posta prima di un pericolo (curva, dosso, incrocio)",危险路段前方的纵向实虚线。,,"Figura n. 567: striscia longitudinale continua e discontinua posta prima di un pericolo (curva, dosso, incrocio).",该标线出现在弯道、坡顶或交叉口等危险点之前。,图形编号 s567；来源：WEBpatente definiz.js；需人工校对,https://www.rmastri.it/42/immagini/s567.gif,rmastri.it,https://www.rmastri.it/42/immagini/s567.gif,external image link; needs manual verification before commercial use,unverified_external_link,WORD_000338
交通标志与图形 - 路面标线,strisca bianca trasversale continua,白色横向实线。,,Figura n. 568: strisca bianca trasversale continua.,该标线横向设置，提示车辆在特定位置停车或注意通行规则。,图形编号 s568；来源：WEBpatente definiz.js；需人工校对,https://www.rmastri.it/42/immagini/s568.gif,rmastri.it,https://www.rmastri.it/42/immagini/s568.gif,external image link; needs manual verification before commercial use,unverified_external_link,WORD_000339
交通标志与图形 - 路面标线,corsie di canalizzazione senza frecce direzionali,没有方向箭头的车道,,Figura n. 570: corsie di canalizzazione.,该图形表示：没有方向箭头的车道。,图形编号 s570；来源：WEBpatente definiz.js,https://www.rmastri.it/42/immagini/s570.gif,rmastri.it,https://www.rmastri.it/42/immagini/s570.gif,external image link; needs manual verification before commercial use,unverified_external_link,WORD_000340
交通标志与图形 - 路面标线,corsie di canalizzazione,车道 的CANALIZZAZIONE,,Figura n. 572: corsie di canalizzazione.,图形 572 表示：车道 的CANALIZZAZIONE。,图形编号 s572；来源：WEBpatente definiz.js,https://www.rmastri.it/42/immagini/s572.gif,rmastri.it,https://www.rmastri.it/42/immagini/s572.gif,external image link; needs manual verification before commercial use,unverified_external_link,WORD_000341
交通标志与图形 - 路面标线,corsie di canalizzazione,导向车道（需人工校对）,,Figura n. 574: corsie di canalizzazione.,该图形表示：导向车道，需人工校对。,图形编号 s574；来源：WEBpatente definiz.js；图片可能与图形 572 重复，需人工校对,https://www.rmastri.it/42/immagini/s574.gif,rmastri.it,https://www.rmastri.it/42/immagini/s574.gif,external image link; needs manual verification before commercial use,unverified_external_link,WORD_000342
交通标志与图形 - 路面标线,isola di traffico (non può essere valicata),交通导流岛：不得压越。,,Figura n. 595: isola di traffico (non può essere valicata).,该区域用于分隔或引导交通，车辆不得压越。,图形编号 s576；来源：WEBpatente definiz.js,https://www.rmastri.it/42/immagini/s595.gif,rmastri.it,https://www.rmastri.it/42/immagini/s595.gif,external image link; needs manual verification before commercial use,unverified_external_link,WORD_000343
交通标志与图形 - 路面标线,strisce di guida per la svolta a sinistra (possono essere valicate),左转导向线：可以压越。,,Figura n. 596: strisce di guida per la svolta a sinistra (possono essere valicate).,该标线用于引导左转车辆，允许车辆按需要压越。,图形编号 s579；来源：WEBpatente definiz.js,https://www.rmastri.it/42/immagini/s596.gif,rmastri.it,https://www.rmastri.it/42/immagini/s596.gif,external image link; needs manual verification before commercial use,unverified_external_link,WORD_000344
交通标志与图形 - 路口优先顺序,svolta a sinistra scorretta,错误的左转路线。,,Figura n. 599: svolta a sinistra scorretta.,图形 599 表示不正确的左转行驶方式。,图形编号 s599；来源：WEBpatente definiz.js,https://www.rmastri.it/42/immagini/s599.gif,rmastri.it,https://www.rmastri.it/42/immagini/s599.gif,external image link; needs manual verification before commercial use,unverified_external_link,WORD_000345
交通标志与图形 - 路口优先顺序,svolta a sinistra corretta,正确的左转路线。,,Figura n. 601: svolta a sinistra corretta.,图形 601 表示正确的左转行驶方式。,图形编号 s601；来源：WEBpatente definiz.js,https://www.rmastri.it/42/immagini/s601.gif,rmastri.it,https://www.rmastri.it/42/immagini/s601.gif,external image link; needs manual verification before commercial use,unverified_external_link,WORD_000346
交通标志与图形 - 路口优先顺序,svolta a sinistra con circolazione rotatoria,环岛通行条件下的左转路线。,,Figura n. 602: svolta a sinistra con circolazione rotatoria.,图形 602 表示在环岛交通中完成左转的行驶方向。,图形编号 s602；来源：WEBpatente definiz.js；需人工校对,https://www.rmastri.it/42/immagini/s602.gif,rmastri.it,https://www.rmastri.it/42/immagini/s602.gif,external image link; needs manual verification before commercial use,unverified_external_link,WORD_000347
交通标志与图形 - 路口优先顺序,ordine di precedenza:  r - d - a,通行优先顺序：R - D - A,,Figura n. 604: ordine di precedenza:  r - d - a.,图形 604 表示：通行优先顺序：R - D - A。,图形编号 s604；来源：WEBpatente definiz.js,https://www.rmastri.it/42/immagini/s604.gif,rmastri.it,https://www.rmastri.it/42/immagini/s604.gif,external image link; needs manual verification before commercial use,unverified_external_link,WORD_000348
交通标志与图形 - 路口优先顺序,ordine di precedenza:  e - c - m,通行优先顺序：E - C - M,,Figura n. 606: ordine di precedenza:  e - c - m.,图形 606 表示：通行优先顺序：E - C - M。,图形编号 s606；来源：WEBpatente definiz.js,https://www.rmastri.it/42/immagini/s606.gif,rmastri.it,https://www.rmastri.it/42/immagini/s606.gif,external image link; needs manual verification before commercial use,unverified_external_link,WORD_000349
交通标志与图形 - 路口优先顺序,ordine di precedenza:  t - p - m,通行优先顺序：T - P - M,,Figura n. 607: ordine di precedenza:  t - p - m.,图形 607 表示：通行优先顺序：T - P - M。,图形编号 s607；来源：WEBpatente definiz.js,https://www.rmastri.it/42/immagini/s607.gif,rmastri.it,https://www.rmastri.it/42/immagini/s607.gif,external image link; needs manual verification before commercial use,unverified_external_link,WORD_000350
交通标志与图形 - 路口优先顺序,ordine di precedenza:  b - h - c,通行优先顺序：B - H - C,,Figura n. 608: ordine di precedenza:  b - h - c.,图形 608 表示：通行优先顺序：B - H - C。,图形编号 s608；来源：WEBpatente definiz.js,https://www.rmastri.it/42/immagini/s608.gif,rmastri.it,https://www.rmastri.it/42/immagini/s608.gif,external image link; needs manual verification before commercial use,unverified_external_link,WORD_000351
交通标志与图形 - 路口优先顺序,ordine di precedenza:  t - a insieme a l - c,通行顺序：T 先行；A 与 L 同时通行；最后 C 通行,,Figura n. 610: ordine di precedenza:  t - a insieme a l - c.,该图形表示：通行顺序为 T 先行；A 与 L 同时通行；最后 C 通行。,图形编号 s610；来源：WEBpatente definiz.js,https://www.rmastri.it/42/immagini/s610.gif,rmastri.it,https://www.rmastri.it/42/immagini/s610.gif,external image link; needs manual verification before commercial use,unverified_external_link,WORD_000352
交通标志与图形 - 路口优先顺序,ordine di precedenza:  t - o - a,通行优先顺序：T - O - A,,Figura n. 613: ordine di precedenza:  t - o - a.,图形 613 表示：通行优先顺序：T - O - A。,图形编号 s613；来源：WEBpatente definiz.js,https://www.rmastri.it/42/immagini/s613.gif,rmastri.it,https://www.rmastri.it/42/immagini/s613.gif,external image link; needs manual verification before commercial use,unverified_external_link,WORD_000353
交通标志与图形 - 路口优先顺序,ordine di precedenza:  r - a - t,通行优先顺序：R - A - T,,Figura n. 614: ordine di precedenza:  r - a - t.,图形 614 表示：通行优先顺序：R - A - T。,图形编号 s614；来源：WEBpatente definiz.js,https://www.rmastri.it/42/immagini/s614.gif,rmastri.it,https://www.rmastri.it/42/immagini/s614.gif,external image link; needs manual verification before commercial use,unverified_external_link,WORD_000354
交通标志与图形 - 路口优先顺序,ordine di precedenza:  r - a - c,通行优先顺序：R - A - C,,Figura n. 615: ordine di precedenza:  r - a - c.,图形 615 表示：通行优先顺序：R - A - C。,图形编号 s615；来源：WEBpatente definiz.js,https://www.rmastri.it/42/immagini/s615.gif,rmastri.it,https://www.rmastri.it/42/immagini/s615.gif,external image link; needs manual verification before commercial use,unverified_external_link,WORD_000355
交通标志与图形 - 路口优先顺序,ordine di precedenza:  b - t - s,通行优先顺序：B - T - S,,Figura n. 616: ordine di precedenza:  b - t - s.,图形 616 表示：通行优先顺序：B - T - S。,图形编号 s616；来源：WEBpatente definiz.js,https://www.rmastri.it/42/immagini/s616.gif,rmastri.it,https://www.rmastri.it/42/immagini/s616.gif,external image link; needs manual verification before commercial use,unverified_external_link,WORD_000356
交通标志与图形 - 路口优先顺序,ordine di precedenza:  n si ferma al centro - r - a - prosegue n,通行优先顺序图：N 在路口中心等待，R、A 先行，最后 N 继续。,,Figura n. 617: ordine di precedenza:  n si ferma al centro - r - a - prosegue n.,该图用于说明车辆通过路口的先后顺序。,图形编号 s630；来源：WEBpatente definiz.js；需人工校对,https://www.rmastri.it/42/immagini/s617.gif,rmastri.it,https://www.rmastri.it/42/immagini/s617.gif,external image link; needs manual verification before commercial use,unverified_external_link,WORD_000357
交通标志与图形 - 路口优先顺序,ordine di precedenza:  l - c - h,通行优先顺序：L - C - H,,Figura n. 618: ordine di precedenza:  l - c - h.,图形 618 表示：通行优先顺序：L - C - H。,图形编号 s618；来源：WEBpatente definiz.js,https://www.rmastri.it/42/immagini/s618.gif,rmastri.it,https://www.rmastri.it/42/immagini/s618.gif,external image link; needs manual verification before commercial use,unverified_external_link,WORD_000358
交通标志与图形 - 路口优先顺序,ordine di precedenza:  p - b - c,通行优先顺序：P - B - C,,Figura n. 620: ordine di precedenza:  p - b - c.,图形 620 表示：通行优先顺序：P - B - C。,图形编号 s620；来源：WEBpatente definiz.js,https://www.rmastri.it/42/immagini/s620.gif,rmastri.it,https://www.rmastri.it/42/immagini/s620.gif,external image link; needs manual verification before commercial use,unverified_external_link,WORD_000359
交通标志与图形 - 路口优先顺序,ordine di precedenza:  r - d - f,通行优先顺序：R - D - F,,Figura n. 631: ordine di precedenza:  r - d - f.,图形 631 表示：通行优先顺序：R - D - F。,图形编号 s631；来源：WEBpatente definiz.js,https://www.rmastri.it/42/immagini/s631.gif,rmastri.it,https://www.rmastri.it/42/immagini/s631.gif,external image link; needs manual verification before commercial use,unverified_external_link,WORD_000360
交通标志与图形 - 路口优先顺序,ordine di precedenza:  d - p - b - n,通行优先顺序：D - P - B - N,,Figura n. 632: ordine di precedenza:  d - p - b - n.,图形 632 表示：通行优先顺序：D - P - B - N。,图形编号 s632；来源：WEBpatente definiz.js,https://www.rmastri.it/42/immagini/s632.gif,rmastri.it,https://www.rmastri.it/42/immagini/s632.gif,external image link; needs manual verification before commercial use,unverified_external_link,WORD_000361
交通标志与图形 - 路口优先顺序,ordine di precedenza:  n - a - r,通行优先顺序：N - A - R,,Figura n. 633: ordine di precedenza:  n - a - r.,图形 633 表示：通行优先顺序：N - A - R。,图形编号 s633；来源：WEBpatente definiz.js,https://www.rmastri.it/42/immagini/s633.gif,rmastri.it,https://www.rmastri.it/42/immagini/s633.gif,external image link; needs manual verification before commercial use,unverified_external_link,WORD_000362
交通标志与图形 - 路口优先顺序,ordine di precedenza:  a - c - l,通行优先顺序：A - C - L,,Figura n. 634: ordine di precedenza:  a - c - l.,图形 634 表示：通行优先顺序：A - C - L。,图形编号 s634；来源：WEBpatente definiz.js,https://www.rmastri.it/42/immagini/s634.gif,rmastri.it,https://www.rmastri.it/42/immagini/s634.gif,external image link; needs manual verification before commercial use,unverified_external_link,WORD_000363
交通标志与图形 - 路口优先顺序,ordine di precedenza:  t - a - s,通行优先顺序：T - A - S,,Figura n. 636: ordine di precedenza:  t - a - s.,图形 636 表示：通行优先顺序：T - A - S。,图形编号 s636；来源：WEBpatente definiz.js,https://www.rmastri.it/42/immagini/s636.gif,rmastri.it,https://www.rmastri.it/42/immagini/s636.gif,external image link; needs manual verification before commercial use,unverified_external_link,WORD_000364
交通标志与图形 - 路口优先顺序,ordine di precedenza:  l - c e a insieme - d,通行顺序：L 先行；C 与 A 同时通行；最后 D 通行,,Figura n. 637: ordine di precedenza:  l - c e a insieme - d.,该图形表示：通行顺序为 L 先行；C 与 A 同时通行；最后 D 通行。,图形编号 s637；来源：WEBpatente definiz.js,https://www.rmastri.it/42/immagini/s637.gif,rmastri.it,https://www.rmastri.it/42/immagini/s637.gif,external image link; needs manual verification before commercial use,unverified_external_link,WORD_000365
交通标志与图形 - 路口优先顺序,ordine di precedenza:  b si ferma al centro - r - n e d insieme - prosegue b,通行优先顺序图：B 在路口中心等待，R 先行，N 和 D 同时通行，最后 B 继续。,,Figura n. 638: ordine di precedenza:  b si ferma al centro - r - n e d insieme - prosegue b.,该图用于说明多车路口通行先后顺序。,图形编号 s639；来源：WEBpatente definiz.js；需人工校对,https://www.rmastri.it/42/immagini/s638.gif,rmastri.it,https://www.rmastri.it/42/immagini/s638.gif,external image link; needs manual verification before commercial use,unverified_external_link,WORD_000366
交通标志与图形 - 路口优先顺序,ordine di precedenza:  t e b insieme - a - c,通行顺序：T 与 B 同时通行；然后 A；最后 C,,Figura n. 639: ordine di precedenza:  t e b insieme - a - c.,该图形表示：通行顺序为 T 与 B 同时通行；然后 A；最后 C。,图形编号 s639；来源：WEBpatente definiz.js,https://www.rmastri.it/42/immagini/s639.gif,rmastri.it,https://www.rmastri.it/42/immagini/s639.gif,external image link; needs manual verification before commercial use,unverified_external_link,WORD_000367
交通标志与图形 - 路口优先顺序,ordine di precedenza:  r - d - b,通行优先顺序：R - D - B,,Figura n. 640: ordine di precedenza:  r - d - b.,图形 640 表示：通行优先顺序：R - D - B。,图形编号 s640；来源：WEBpatente definiz.js,https://www.rmastri.it/42/immagini/s640.gif,rmastri.it,https://www.rmastri.it/42/immagini/s640.gif,external image link; needs manual verification before commercial use,unverified_external_link,WORD_000368
交通标志与图形 - 路口优先顺序,ordine di precedenza:  t - a si ferma al centro - o - m - prosegue a,通行顺序：T 先行；A 行至路口中央等待；然后 O；再 M；最后 A 继续通行,,Figura n. 642: ordine di precedenza:  t - a si ferma al centro - o - m - prosegue a.,该图形表示：通行顺序为 T 先行；A 行至路口中央等待；然后 O；再 M；最后 A 继续通行。,图形编号 s642；来源：WEBpatente definiz.js；需人工校对,https://www.rmastri.it/42/immagini/s642.gif,rmastri.it,https://www.rmastri.it/42/immagini/s642.gif,external image link; needs manual verification before commercial use,unverified_external_link,WORD_000369
交通标志与图形 - 路口优先顺序,ordine di precedenza:  h - d - b - l,通行优先顺序：H - D - B - L,,Figura n. 643: ordine di precedenza:  h - d - b - l.,图形 643 表示：通行优先顺序：H - D - B - L。,图形编号 s643；来源：WEBpatente definiz.js,https://www.rmastri.it/42/immagini/s643.gif,rmastri.it,https://www.rmastri.it/42/immagini/s643.gif,external image link; needs manual verification before commercial use,unverified_external_link,WORD_000370
交通标志与图形 - 路口优先顺序,ordine di precedenza:  p - d - b - l,通行优先顺序：P - D - B - L,,Figura n. 644: ordine di precedenza:  p - d - b - l.,图形 644 表示：通行优先顺序：P - D - B - L。,图形编号 s644；来源：WEBpatente definiz.js,https://www.rmastri.it/42/immagini/s644.gif,rmastri.it,https://www.rmastri.it/42/immagini/s644.gif,external image link; needs manual verification before commercial use,unverified_external_link,WORD_000371
交通标志与图形 - 路口优先顺序,ordine di precedenza:  d - c - a - h,通行优先顺序：D - C - A - H,,Figura n. 646: ordine di precedenza:  d - c - a - h.,图形 646 表示：通行优先顺序：D - C - A - H。,图形编号 s646；来源：WEBpatente definiz.js,https://www.rmastri.it/42/immagini/s646.gif,rmastri.it,https://www.rmastri.it/42/immagini/s646.gif,external image link; needs manual verification before commercial use,unverified_external_link,WORD_000372
交通标志与图形 - 路口优先顺序,ordine di precedenza:  l e h insieme - b - o,通行顺序：L 与 H 同时通行；然后 B；最后 O,,Figura n. 647: ordine di precedenza:  l e h insieme - b - o.,该图形表示：通行顺序为 L 与 H 同时通行；然后 B；最后 O。,图形编号 s647；来源：WEBpatente definiz.js,https://www.rmastri.it/42/immagini/s647.gif,rmastri.it,https://www.rmastri.it/42/immagini/s647.gif,external image link; needs manual verification before commercial use,unverified_external_link,WORD_000373
交通标志与图形 - 路口优先顺序,ordine di precedenza:  t - g - p - b,通行优先顺序：T - G - P - B,,Figura n. 648: ordine di precedenza:  t - g - p - b.,图形 648 表示：通行优先顺序：T - G - P - B。,图形编号 s648；来源：WEBpatente definiz.js,https://www.rmastri.it/42/immagini/s648.gif,rmastri.it,https://www.rmastri.it/42/immagini/s648.gif,external image link; needs manual verification before commercial use,unverified_external_link,WORD_000374
交通标志与图形 - 路口优先顺序,ordine di precedenza:  l - e - n - r,通行优先顺序：L - E - N - R,,Figura n. 650: ordine di precedenza:  l - e - n - r.,图形 650 表示：通行优先顺序：L - E - N - R。,图形编号 s650；来源：WEBpatente definiz.js,https://www.rmastri.it/42/immagini/s650.gif,rmastri.it,https://www.rmastri.it/42/immagini/s650.gif,external image link; needs manual verification before commercial use,unverified_external_link,WORD_000375
交通标志与图形 - 路口优先顺序,ordine di precedenza:  d - e e s insieme - a,通行顺序：D 先行；E 与 S 同时通行；最后 A,,Figura n. 651: ordine di precedenza:  d - e e s insieme - a.,该图形表示：通行顺序为 D 先行；E 与 S 同时通行；最后 A。,图形编号 s651；来源：WEBpatente definiz.js,https://www.rmastri.it/42/immagini/s651.gif,rmastri.it,https://www.rmastri.it/42/immagini/s651.gif,external image link; needs manual verification before commercial use,unverified_external_link,WORD_000376
交通标志与图形 - 路口优先顺序,ordine di precedenza:  h - a - f - l,通行优先顺序：H - A - F - L,,Figura n. 652: ordine di precedenza:  h - a - f - l.,图形 652 表示：通行优先顺序：H - A - F - L。,图形编号 s652；来源：WEBpatente definiz.js,https://www.rmastri.it/42/immagini/s652.gif,rmastri.it,https://www.rmastri.it/42/immagini/s652.gif,external image link; needs manual verification before commercial use,unverified_external_link,WORD_000377
交通标志与图形 - 路口优先顺序,ordine di precedenza:  c - r - a - h,通行优先顺序：C - R - A - H,,Figura n. 654: ordine di precedenza:  c - r - a - h.,图形 654 表示：通行优先顺序：C - R - A - H。,图形编号 s654；来源：WEBpatente definiz.js,https://www.rmastri.it/42/immagini/s654.gif,rmastri.it,https://www.rmastri.it/42/immagini/s654.gif,external image link; needs manual verification before commercial use,unverified_external_link,WORD_000378
交通标志与图形 - 路口优先顺序,ordine di precedenza:  s - a - e - r,通行优先顺序：S - A - E - R,,Figura n. 655: ordine di precedenza:  s - a - e - r.,图形 655 表示：通行优先顺序：S - A - E - R。,图形编号 s655；来源：WEBpatente definiz.js,https://www.rmastri.it/42/immagini/s655.gif,rmastri.it,https://www.rmastri.it/42/immagini/s655.gif,external image link; needs manual verification before commercial use,unverified_external_link,WORD_000379
交通标志与图形 - 路口优先顺序,ordine di precedenza:  r - a - c,通行优先顺序：R - A - C,,Figura n. 657: ordine di precedenza:  r - a - c.,图形 657 表示：通行优先顺序：R - A - C。,图形编号 s657；来源：WEBpatente definiz.js,https://www.rmastri.it/42/immagini/s657.gif,rmastri.it,https://www.rmastri.it/42/immagini/s657.gif,external image link; needs manual verification before commercial use,unverified_external_link,WORD_000380
交通标志与图形 - 路口优先顺序,ordine di precedenza:  r - a - c,通行优先顺序：R - A - C,,Figura n. 659: ordine di precedenza:  r - a - c.,图形 659 表示：通行优先顺序：R - A - C。,图形编号 s659；来源：WEBpatente definiz.js,https://www.rmastri.it/42/immagini/s659.gif,rmastri.it,https://www.rmastri.it/42/immagini/s659.gif,external image link; needs manual verification before commercial use,unverified_external_link,WORD_000381
交通标志与图形 - 路口优先顺序,ordine di precedenza:  h - d - b,通行优先顺序：H - D - B,,Figura n. 660: ordine di precedenza:  h - d - b.,图形 660 表示：通行优先顺序：H - D - B。,图形编号 s660；来源：WEBpatente definiz.js,https://www.rmastri.it/42/immagini/s660.gif,rmastri.it,https://www.rmastri.it/42/immagini/s660.gif,external image link; needs manual verification before commercial use,unverified_external_link,WORD_000382
交通标志与图形 - 路口优先顺序,ordine di precedenza:  e - c - l,通行优先顺序：E - C - L,,Figura n. 661: ordine di precedenza:  e - c - l.,图形 661 表示：通行优先顺序：E - C - L。,图形编号 s661；来源：WEBpatente definiz.js,https://www.rmastri.it/42/immagini/s661.gif,rmastri.it,https://www.rmastri.it/42/immagini/s661.gif,external image link; needs manual verification before commercial use,unverified_external_link,WORD_000383
交通标志与图形 - 路口优先顺序,ordine di precedenza:  a - e - b,通行优先顺序：A - E - B,,Figura n. 662: ordine di precedenza:  a - e - b.,图形 662 表示：通行优先顺序：A - E - B。,图形编号 s662；来源：WEBpatente definiz.js,https://www.rmastri.it/42/immagini/s662.gif,rmastri.it,https://www.rmastri.it/42/immagini/s662.gif,external image link; needs manual verification before commercial use,unverified_external_link,WORD_000384
交通标志与图形 - 路口优先顺序,ordine di precedenza:  r - b - d - t,通行优先顺序：R - B - D - T,,Figura n. 663: ordine di precedenza:  r - b - d - t.,图形 663 表示：通行优先顺序：R - B - D - T。,图形编号 s663；来源：WEBpatente definiz.js,https://www.rmastri.it/42/immagini/s663.gif,rmastri.it,https://www.rmastri.it/42/immagini/s663.gif,external image link; needs manual verification before commercial use,unverified_external_link,WORD_000385
交通标志与图形 - 路口优先顺序,ordine di precedenza:  s - b - l - d,通行优先顺序：S - B - L - D,,Figura n. 664: ordine di precedenza:  s - b - l - d.,图形 664 表示：通行优先顺序：S - B - L - D。,图形编号 s664；来源：WEBpatente definiz.js,https://www.rmastri.it/42/immagini/s664.gif,rmastri.it,https://www.rmastri.it/42/immagini/s664.gif,external image link; needs manual verification before commercial use,unverified_external_link,WORD_000386
交通标志与图形 - 路口优先顺序,ordine di precedenza:  a - e - v - h - c,通行优先顺序：A - E - V - H - C,,Figura n. 665: ordine di precedenza:  a - e - v - h - c.,图形 665 表示：通行优先顺序：A - E - V - H - C。,图形编号 s665；来源：WEBpatente definiz.js,https://www.rmastri.it/42/immagini/s665.gif,rmastri.it,https://www.rmastri.it/42/immagini/s665.gif,external image link; needs manual verification before commercial use,unverified_external_link,WORD_000387
交通标志与图形 - 路口优先顺序,ordine di precedenza:  c - a - p,通行优先顺序：C - A - P,,Figura n. 667: ordine di precedenza:  c - a - p.,图形 667 表示：通行优先顺序：C - A - P。,图形编号 s667；来源：WEBpatente definiz.js,https://www.rmastri.it/42/immagini/s667.gif,rmastri.it,https://www.rmastri.it/42/immagini/s667.gif,external image link; needs manual verification before commercial use,unverified_external_link,WORD_000388
交通标志与图形 - 路口优先顺序,ordine di precedenza:  s - n - c,通行优先顺序：S - N - C,,Figura n. 668: ordine di precedenza:  s - n - c.,图形 668 表示：通行优先顺序：S - N - C。,图形编号 s668；来源：WEBpatente definiz.js,https://www.rmastri.it/42/immagini/s668.gif,rmastri.it,https://www.rmastri.it/42/immagini/s668.gif,external image link; needs manual verification before commercial use,unverified_external_link,WORD_000389
交通标志与图形 - 路口优先顺序,ordine di precedenza:  c - a - l - r - e,通行优先顺序：C - A - L - R - E,,Figura n. 669: ordine di precedenza:  c - a - l - r - e.,图形 669 表示：通行优先顺序：C - A - L - R - E。,图形编号 s669；来源：WEBpatente definiz.js,https://www.rmastri.it/42/immagini/s669.gif,rmastri.it,https://www.rmastri.it/42/immagini/s669.gif,external image link; needs manual verification before commercial use,unverified_external_link,WORD_000390
交通标志与图形 - 路口优先顺序,segnalazione di divieto di sosta posta sul bordo del marciapiede,人行道边缘的禁止停车标示。,,Figura n. 670: segnalazione di divieto di sosta posta sul bordo del marciapiede.,该标示提醒车辆不得在对应路缘位置停车。,图形编号 s670；来源：WEBpatente definiz.js；需人工校对,https://www.rmastri.it/42/immagini/s670.gif,rmastri.it,https://www.rmastri.it/42/immagini/s670.gif,external image link; needs manual verification before commercial use,unverified_external_link,WORD_000391
交通标志与图形 - 路口优先顺序,"il veicolo s che prosegue in retromarcia deve moderare la velocità, azionare gli indicatori di direzione e dare la precedenza",倒车车辆应减速、开启转向灯并让行。,,"Figura n. 676: il veicolo s che prosegue in retromarcia deve moderare la velocità, azionare gli indicatori di direzione e dare la precedenza.",车辆倒车继续行驶时，应降低速度，使用方向指示灯，并让其他车辆先行。,图形编号 s676；来源：WEBpatente definiz.js；需人工校对,https://www.rmastri.it/42/immagini/s676.gif,rmastri.it,https://www.rmastri.it/42/immagini/s676.gif,external image link; needs manual verification before commercial use,unverified_external_link,WORD_000392
交通标志与图形 - 灯光与仪表符号,proiettore abbagliante,远光灯。,,Figura n. 690: proiettore abbagliante.,图形 690 表示车辆远光灯。,图形编号 s690；来源：WEBpatente definiz.js,https://www.rmastri.it/42/immagini/s690.gif,rmastri.it,https://www.rmastri.it/42/immagini/s690.gif,external image link; needs manual verification before commercial use,unverified_external_link,WORD_000393
交通标志与图形 - 灯光与仪表符号,proiettore anabbagliante asimmetrico errato,错误的非对称近光灯光束。,,Figura n. 693: proiettore anabbagliante asimmetrico errato.,该图表示近光灯光束方向或形状不正确。,图形编号 s693；来源：WEBpatente definiz.js；需人工校对,https://www.rmastri.it/42/immagini/s693.gif,rmastri.it,https://www.rmastri.it/42/immagini/s693.gif,external image link; needs manual verification before commercial use,unverified_external_link,WORD_000394
交通标志与图形 - 灯光与仪表符号,proiettore anabbagliante asimmetrico corretto,正确的非对称近光灯光束。,,Figura n. 694: proiettore anabbagliante asimmetrico corretto.,该图表示近光灯光束方向或形状正确。,图形编号 s694；来源：WEBpatente definiz.js；需人工校对,https://www.rmastri.it/42/immagini/s694.gif,rmastri.it,https://www.rmastri.it/42/immagini/s694.gif,external image link; needs manual verification before commercial use,unverified_external_link,WORD_000395
交通标志与图形 - 灯光与仪表符号,simbolo proiettori abbaglianti (spia colore blu),远光灯符号，蓝色指示灯。,,Figura n. 695: simbolo proiettori abbaglianti (spia colore blu).,图形 695 表示远光灯开启时的蓝色仪表指示灯。,图形编号 s695；来源：WEBpatente definiz.js,https://www.rmastri.it/42/immagini/s695.gif,rmastri.it,https://www.rmastri.it/42/immagini/s695.gif,external image link; needs manual verification before commercial use,unverified_external_link,WORD_000396
交通标志与图形 - 灯光与仪表符号,simbolo proiettori anabbaglianti (spia colore verde),近光灯符号，绿色指示灯。,,Figura n. 696: simbolo proiettori anabbaglianti (spia colore verde).,图形 696 表示近光灯开启时的绿色仪表指示灯。,图形编号 s696；来源：WEBpatente definiz.js,https://www.rmastri.it/42/immagini/s696.gif,rmastri.it,https://www.rmastri.it/42/immagini/s696.gif,external image link; needs manual verification before commercial use,unverified_external_link,WORD_000397
交通标志与图形 - 灯光与仪表符号,simbolo degli indicatori di direzione (spia acustica e spia luminosa di colore verde),转向灯符号，绿色声光指示。,,Figura n. 697: simbolo degli indicatori di direzione (spia acustica e spia luminosa di colore verde).,图形 697 表示转向灯工作时的绿色声光提示。,图形编号 s697；来源：WEBpatente definiz.js；需人工校对,https://www.rmastri.it/42/immagini/s697.gif,rmastri.it,https://www.rmastri.it/42/immagini/s697.gif,external image link; needs manual verification before commercial use,unverified_external_link,WORD_000398
交通标志与图形 - 灯光与仪表符号,simbolo del segnale di emergenza: accensione di tutti gli indicatori di direzione (spia colore rosso),危险报警闪光灯符号：所有转向灯同时闪烁，红色指示灯。,,Figura n. 698: simbolo del segnale di emergenza: accensione di tutti gli indicatori di direzione (spia colore rosso).,图形 698 表示车辆危险报警灯开启时的仪表符号。,图形编号 s698；来源：WEBpatente definiz.js,https://www.rmastri.it/42/immagini/s698.gif,rmastri.it,https://www.rmastri.it/42/immagini/s698.gif,external image link; needs manual verification before commercial use,unverified_external_link,WORD_000399
交通标志与图形 - 灯光与仪表符号,simbolo del tergicristallo anteriore (posto su comando),前风挡雨刷控制符号。,,Figura n. 699: simbolo del tergicristallo anteriore (posto su comando).,图形 699 表示前风挡雨刷控制装置。,图形编号 s699；来源：WEBpatente definiz.js,https://www.rmastri.it/42/immagini/s699.gif,rmastri.it,https://www.rmastri.it/42/immagini/s699.gif,external image link; needs manual verification before commercial use,unverified_external_link,WORD_000400
交通标志与图形 - 灯光与仪表符号,simbolo del tergi-lavacristallo anteriore (posto su comando),前风挡雨刷和清洗器控制符号。,,Figura n. 701: simbolo del tergi-lavacristallo anteriore (posto su comando).,图形 701 表示前风挡雨刷或清洗器的控制符号。,图形编号 s701；来源：WEBpatente definiz.js,https://www.rmastri.it/42/immagini/s701.gif,rmastri.it,https://www.rmastri.it/42/immagini/s701.gif,external image link; needs manual verification before commercial use,unverified_external_link,WORD_000401
交通标志与图形 - 灯光与仪表符号,simbolo dell’avvisatore acustico: clacson o tromba (posto su comando),喇叭控制符号。,,Figura n. 702: simbolo dell’avvisatore acustico: clacson o tromba (posto su comando).,图形 702 表示车辆喇叭或警音装置的控制符号。,图形编号 s702；来源：WEBpatente definiz.js,https://www.rmastri.it/42/immagini/s702.gif,rmastri.it,https://www.rmastri.it/42/immagini/s702.gif,external image link; needs manual verification before commercial use,unverified_external_link,WORD_000402
交通标志与图形 - 灯光与仪表符号,simbolo della riserva carburante (spia colore giallo),燃油不足指示灯，黄色。,,Figura n. 703: simbolo della riserva carburante (spia colore giallo).,图形 703 表示燃油储备不足或燃油量低的黄色指示灯。,图形编号 s703；来源：WEBpatente definiz.js,https://www.rmastri.it/42/immagini/s703.gif,rmastri.it,https://www.rmastri.it/42/immagini/s703.gif,external image link; needs manual verification before commercial use,unverified_external_link,WORD_000403
交通标志与图形 - 灯光与仪表符号,simbolo della temperatura eccessiva dell’acqua (spia colore rosso),冷却液温度过高指示灯，红色。,,Figura n. 704: simbolo della temperatura eccessiva dell’acqua (spia colore rosso).,图形 704 表示发动机冷却液温度过高的红色指示灯。,图形编号 s704；来源：WEBpatente definiz.js,https://www.rmastri.it/42/immagini/s704.gif,rmastri.it,https://www.rmastri.it/42/immagini/s704.gif,external image link; needs manual verification before commercial use,unverified_external_link,WORD_000404
交通标志与图形 - 灯光与仪表符号,simbolo della batteria: anomalia della dinamo o dell’alternatore (spia colore rosso),电瓶或发电系统异常指示灯，红色。,,Figura n. 705: simbolo della batteria: anomalia della dinamo o dell’alternatore (spia colore rosso).,图形 705 表示电瓶、发电机或交流发电机系统异常。,图形编号 s705；来源：WEBpatente definiz.js,https://www.rmastri.it/42/immagini/s705.gif,rmastri.it,https://www.rmastri.it/42/immagini/s705.gif,external image link; needs manual verification before commercial use,unverified_external_link,WORD_000405
交通标志与图形 - 灯光与仪表符号,simbolo della pressione bassa dell’olio (spia colore rosso),机油压力过低指示灯，红色。,,Figura n. 706: simbolo della pressione bassa dell’olio (spia colore rosso).,图形 706 表示发动机机油压力过低。,图形编号 s706；来源：WEBpatente definiz.js,https://www.rmastri.it/42/immagini/s706.gif,rmastri.it,https://www.rmastri.it/42/immagini/s706.gif,external image link; needs manual verification before commercial use,unverified_external_link,WORD_000406
交通标志与图形 - 灯光与仪表符号,simbolo del lunotto termico posteriore (spia colore giallo),后窗加热除雾指示灯，黄色。,,Figura n. 708: simbolo del lunotto termico posteriore (spia colore giallo).,图形 708 表示后车窗加热除雾功能开启。,图形编号 s708；来源：WEBpatente definiz.js,https://www.rmastri.it/42/immagini/s708.gif,rmastri.it,https://www.rmastri.it/42/immagini/s708.gif,external image link; needs manual verification before commercial use,unverified_external_link,WORD_000407
交通标志与图形 - 灯光与仪表符号,simbolo di sbrinamento del parabrezza anteriore (spia colore giallo),前风挡除霜指示灯，黄色。,,Figura n. 709: simbolo di sbrinamento del parabrezza anteriore (spia colore giallo).,图形 709 表示前风挡除霜或除雾功能开启。,图形编号 s709；来源：WEBpatente definiz.js,https://www.rmastri.it/42/immagini/s709.gif,rmastri.it,https://www.rmastri.it/42/immagini/s709.gif,external image link; needs manual verification before commercial use,unverified_external_link,WORD_000408
交通标志与图形 - 灯光与仪表符号,simbolo dei fendinebbia posteriori (spia colore giallo),后雾灯符号，黄色指示灯。,,Figura n. 717: simbolo dei fendinebbia posteriori (spia colore giallo).,图形 717 表示后雾灯开启时的黄色指示灯。,图形编号 s717；来源：WEBpatente definiz.js,https://www.rmastri.it/42/immagini/s717.gif,rmastri.it,https://www.rmastri.it/42/immagini/s717.gif,external image link; needs manual verification before commercial use,unverified_external_link,WORD_000409
交通标志与图形 - 灯光与仪表符号,simbolo dei fendinebbia anteriori (spia colore verde),前雾灯符号，绿色指示灯。,,Figura n. 718: simbolo dei fendinebbia anteriori (spia colore verde).,图形 718 表示前雾灯开启时的绿色指示灯。,图形编号 s718；来源：WEBpatente definiz.js,https://www.rmastri.it/42/immagini/s718.gif,rmastri.it,https://www.rmastri.it/42/immagini/s718.gif,external image link; needs manual verification before commercial use,unverified_external_link,WORD_000410
交通标志与图形 - 灯光与仪表符号,simbolo del freno di stazionamento inserito (spia colore rosso),驻车制动已启用指示灯，红色。,,Figura n. 720: simbolo del freno di stazionamento inserito (spia colore rosso).,图形 720 表示驻车制动器处于启用状态。,图形编号 s720；来源：WEBpatente definiz.js,https://www.rmastri.it/42/immagini/s720.gif,rmastri.it,https://www.rmastri.it/42/immagini/s720.gif,external image link; needs manual verification before commercial use,unverified_external_link,WORD_000411
交通标志与图形 - 灯光与仪表符号,simbolo funzionamento difettoso del sistema frenante (spia colore rosso),制动系统故障指示灯，红色。,,Figura n. 721: simbolo funzionamento difettoso del sistema frenante (spia colore rosso).,图形 721 表示车辆制动系统可能存在故障。,图形编号 s721；来源：WEBpatente definiz.js,https://www.rmastri.it/42/immagini/s721.gif,rmastri.it,https://www.rmastri.it/42/immagini/s721.gif,external image link; needs manual verification before commercial use,unverified_external_link,WORD_000412
交通标志与图形,segnale di strada deformata integrato con pannello estesa,路面不平标志，附范围长度辅助牌。,,Figura n. 901: segnale di strada deformata integrato con pannello estesa.,该组合标志提醒路面不平，并说明影响路段的长度。,图形编号 s901；来源：WEBpatente definiz.js,https://www.rmastri.it/42/immagini/s901.gif,rmastri.it,https://www.rmastri.it/42/immagini/s901.gif,external image link; needs manual verification before commercial use,unverified_external_link,WORD_000413
交通标志与图形,segnale di strada deformata integrato con pannello distanza,路面不平标志，附距离辅助牌。,,Figura n. 902: segnale di strada deformata integrato con pannello distanza.,该组合标志提醒前方一定距离处有路面不平。,图形编号 s902；来源：WEBpatente definiz.js,https://www.rmastri.it/42/immagini/s902.gif,rmastri.it,https://www.rmastri.it/42/immagini/s902.gif,external image link; needs manual verification before commercial use,unverified_external_link,WORD_000414
交通标志与图形,segnale di strada deformata integrato con pannello di fine,路面不平标志，附结束辅助牌。,,Figura n. 903: segnale di strada deformata integrato con pannello di fine.,该组合标志表示路面不平危险路段结束。,图形编号 s903；来源：WEBpatente definiz.js,https://www.rmastri.it/42/immagini/s903.gif,rmastri.it,https://www.rmastri.it/42/immagini/s903.gif,external image link; needs manual verification before commercial use,unverified_external_link,WORD_000415
交通标志与图形,segnale di cunetta integrato con pannello allagamento,凹陷路段标志，附加积水辅助牌。,,Figura n. 904: segnale di cunetta integrato con pannello allagamento.,图形 904 表示前方可能有路面凹陷并伴随积水风险。,图形编号 s904；来源：WEBpatente definiz.js；需人工校对,https://www.rmastri.it/42/immagini/s904.gif,rmastri.it,https://www.rmastri.it/42/immagini/s904.gif,external image link; needs manual verification before commercial use,unverified_external_link,WORD_000416
交通标志与图形,segnale di doppia curva integrato con pannello distanza,双弯道标志，附距离辅助牌。,,Figura n. 905: segnale di doppia curva integrato con pannello distanza.,该组合标志提醒前方一定距离处有连续弯道。,图形编号 s905；来源：WEBpatente definiz.js,https://www.rmastri.it/42/immagini/s905.gif,rmastri.it,https://www.rmastri.it/42/immagini/s905.gif,external image link; needs manual verification before commercial use,unverified_external_link,WORD_000417
交通标志与图形,segnale di doppia curva integrato con pannello estesa,双弯道标志，附范围长度辅助牌。,,Figura n. 906: segnale di doppia curva integrato con pannello estesa.,该组合标志提醒连续弯道会持续一段路。,图形编号 s906；来源：WEBpatente definiz.js,https://www.rmastri.it/42/immagini/s906.gif,rmastri.it,https://www.rmastri.it/42/immagini/s906.gif,external image link; needs manual verification before commercial use,unverified_external_link,WORD_000418
交通标志与图形,segnale di doppia curva integrato con pannello estesa,双弯道标志，附范围长度辅助牌。,,Figura n. 907: segnale di doppia curva integrato con pannello estesa.,该组合标志提醒连续弯道会持续一段路。,图形编号 s907；来源：WEBpatente definiz.js,https://www.rmastri.it/42/immagini/s907.gif,rmastri.it,https://www.rmastri.it/42/immagini/s907.gif,external image link; needs manual verification before commercial use,unverified_external_link,WORD_000419
交通标志与图形,doppia croce di s.andrea (a) e segnale di fermarsi e dare precedenza (b),双圣安德烈十字标志和停车让行标志。,,Figura n. 908: doppia croce di s.andrea (a) e segnale di fermarsi e dare precedenza (b).,图形 908 中 A 表示双圣安德烈十字，B 表示停车让行标志。,图形编号 s908；来源：WEBpatente definiz.js,https://www.rmastri.it/42/immagini/s908.gif,rmastri.it,https://www.rmastri.it/42/immagini/s908.gif,external image link; needs manual verification before commercial use,unverified_external_link,WORD_000420
交通标志与图形,doppia croce di s.andrea (a) e segnale di passaggio a livello con barriere o semibarriere (b),双圣安德烈十字标志和带栏杆的铁路平交道口标志。,,Figura n. 909: doppia croce di s.andrea (a) e segnale di passaggio a livello con barriere o semibarriere (b).,图形 909 中 A 表示双圣安德烈十字，B 表示带栏杆或半栏杆的铁路平交道口。,图形编号 s909；来源：WEBpatente definiz.js,https://www.rmastri.it/42/immagini/s909.gif,rmastri.it,https://www.rmastri.it/42/immagini/s909.gif,external image link; needs manual verification before commercial use,unverified_external_link,WORD_000421
交通标志与图形,pannelli distanziometrici (a) e segnale di passaggio a livello con barriere o semibarriere (b),距离提示牌和带栏杆的铁路平交道口标志。,,Figura n. 910: pannelli distanziometrici (a) e segnale di passaggio a livello con barriere o semibarriere (b).,图形 910 中 A 表示铁路道口距离提示牌，B 表示带栏杆或半栏杆的铁路平交道口。,图形编号 s910；来源：WEBpatente definiz.js,https://www.rmastri.it/42/immagini/s910.gif,rmastri.it,https://www.rmastri.it/42/immagini/s910.gif,external image link; needs manual verification before commercial use,unverified_external_link,WORD_000422
交通标志与图形,pannelli distanziometrici (a) e croce di s.andrea (b),距离提示牌和圣安德烈十字标志。,,Figura n. 911: pannelli distanziometrici (a) e croce di s.andrea (b).,图形 911 中 A 表示铁路道口距离提示牌，B 表示圣安德烈十字标志。,图形编号 s911；来源：WEBpatente definiz.js,https://www.rmastri.it/42/immagini/s911.gif,rmastri.it,https://www.rmastri.it/42/immagini/s911.gif,external image link; needs manual verification before commercial use,unverified_external_link,WORD_000423
交通标志与图形,segnali di strettoia simmetrica (a) e di dare precedenza nei sensi unici alternati (b),双向道路变窄标志和交替单行让行标志。,,Figura n. 912: segnali di strettoia simmetrica (a) e di dare precedenza nei sensi unici alternati (b).,图形 912 中 A 表示道路两侧变窄，B 表示交替单行时需让对向车辆先行。,图形编号 s912；来源：WEBpatente definiz.js,https://www.rmastri.it/42/immagini/s912.gif,rmastri.it,https://www.rmastri.it/42/immagini/s912.gif,external image link; needs manual verification before commercial use,unverified_external_link,WORD_000424
交通标志与图形,segnali di strettoia simmetrica (a) e di diritto di precedenza nei sensi unici alternati (b),双向道路变窄标志和交替单行优先通行标志。,,Figura n. 913: segnali di strettoia simmetrica (a) e di diritto di precedenza nei sensi unici alternati (b).,图形 913 中 A 表示道路两侧变窄，B 表示交替单行时本方向享有优先通行。,图形编号 s913；来源：WEBpatente definiz.js,https://www.rmastri.it/42/immagini/s913.gif,rmastri.it,https://www.rmastri.it/42/immagini/s913.gif,external image link; needs manual verification before commercial use,unverified_external_link,WORD_000425
交通标志与图形,segnale di strada sdrucciolevole integrato con pannello di continuazione,路面湿滑标志，附持续辅助牌。,,Figura n. 914: segnale di strada sdrucciolevole integrato con pannello di continuazione.,该组合标志提醒湿滑危险仍会持续一段路。,图形编号 s914；来源：WEBpatente definiz.js,https://www.rmastri.it/42/immagini/s914.gif,rmastri.it,https://www.rmastri.it/42/immagini/s914.gif,external image link; needs manual verification before commercial use,unverified_external_link,WORD_000426
交通标志与图形,segnale di strada sdrucciolevole integrato con pannello di fine,路面湿滑标志，附结束辅助牌。,,Figura n. 915: segnale di strada sdrucciolevole integrato con pannello di fine.,该组合标志表示湿滑危险路段结束。,图形编号 s915；来源：WEBpatente definiz.js,https://www.rmastri.it/42/immagini/s915.gif,rmastri.it,https://www.rmastri.it/42/immagini/s915.gif,external image link; needs manual verification before commercial use,unverified_external_link,WORD_000427
交通标志与图形,segnale di strada sdrucciolevole integrato con pannello causa ghiaccio,路面湿滑标志，附结冰原因辅助牌。,,Figura n. 916: segnale di strada sdrucciolevole integrato con pannello causa ghiaccio.,该组合标志提醒路面可能因结冰而湿滑。,图形编号 s916；来源：WEBpatente definiz.js,https://www.rmastri.it/42/immagini/s916.gif,rmastri.it,https://www.rmastri.it/42/immagini/s916.gif,external image link; needs manual verification before commercial use,unverified_external_link,WORD_000428
交通标志与图形,segnale di strada sdrucciolevole (a) pannello integrativo causa ghiaccio,湿滑道路危险标志，辅助牌说明原因是结冰。,,Figura n. 917: segnale di strada sdrucciolevole (a) pannello integrativo causa ghiaccio.,图形 917 表示道路可能因结冰而湿滑。,图形编号 s917；来源：WEBpatente definiz.js,https://www.rmastri.it/42/immagini/s917.gif,rmastri.it,https://www.rmastri.it/42/immagini/s917.gif,external image link; needs manual verification before commercial use,unverified_external_link,WORD_000429
交通标志与图形,segnale di strada sdrucciolevole (a) pannello integrativo causa pioggia,湿滑道路危险标志，辅助牌说明原因是下雨。,,Figura n. 918: segnale di strada sdrucciolevole (a) pannello integrativo causa pioggia.,图形 918 表示道路可能因雨水而湿滑。,图形编号 s918；来源：WEBpatente definiz.js,https://www.rmastri.it/42/immagini/s918.gif,rmastri.it,https://www.rmastri.it/42/immagini/s918.gif,external image link; needs manual verification before commercial use,unverified_external_link,WORD_000430
交通标志与图形,segnale di pericolo generico integrato con pannello attraversamento binari,一般危险标志，附铁路轨道穿越辅助牌。,,Figura n. 919: segnale di pericolo generico integrato con pannello attraversamento binari.,该组合标志提醒前方有一般危险，并补充说明与铁路轨道穿越有关。,图形编号 s919；来源：WEBpatente definiz.js；需人工校对,https://www.rmastri.it/42/immagini/s919.gif,rmastri.it,https://www.rmastri.it/42/immagini/s919.gif,external image link; needs manual verification before commercial use,unverified_external_link,WORD_000431
交通标志与图形,segnale di pericolo generico (a) e pannello integrativo attraversamento binari (b),一般危险标志和铁路轨道穿越辅助牌。,,Figura n. 920: segnale di pericolo generico (a) e pannello integrativo attraversamento binari (b).,该组合图形包含一般危险标志和提示铁路轨道穿越的辅助牌。,图形编号 s920；来源：WEBpatente definiz.js；需人工校对,https://www.rmastri.it/42/immagini/s920.gif,rmastri.it,https://www.rmastri.it/42/immagini/s920.gif,external image link; needs manual verification before commercial use,unverified_external_link,WORD_000432
交通标志与图形,segnale di pericolo generico (a) e pannello integrativo sgombraneve in azione (b),一般危险标志，辅助牌提示前方有除雪车作业。,,Figura n. 921: segnale di pericolo generico (a) e pannello integrativo sgombraneve in azione (b).,图形 921 表示需要注意正在作业的除雪车辆。,图形编号 s921；来源：WEBpatente definiz.js,https://www.rmastri.it/42/immagini/s921.gif,rmastri.it,https://www.rmastri.it/42/immagini/s921.gif,external image link; needs manual verification before commercial use,unverified_external_link,WORD_000433
交通标志与图形,segnale di pericolo generico (a) e pannello integrativo mezzi di lavoro in azione (b),一般危险标志，辅助牌提示前方有工程车辆作业。,,Figura n. 922: segnale di pericolo generico (a) e pannello integrativo mezzi di lavoro in azione (b).,图形 922 表示道路附近可能有施工或作业车辆。,图形编号 s922；来源：WEBpatente definiz.js,https://www.rmastri.it/42/immagini/s922.gif,rmastri.it,https://www.rmastri.it/42/immagini/s922.gif,external image link; needs manual verification before commercial use,unverified_external_link,WORD_000434
交通标志与图形,segnale di pericolo generico (a) e pannello integrativo causa ghiaccio,一般危险标志，辅助牌提示危险原因是结冰。,,Figura n. 923: segnale di pericolo generico (a) e pannello integrativo causa ghiaccio.,图形 923 表示前方一般危险与结冰有关。,图形编号 s923；来源：WEBpatente definiz.js,https://www.rmastri.it/42/immagini/s923.gif,rmastri.it,https://www.rmastri.it/42/immagini/s923.gif,external image link; needs manual verification before commercial use,unverified_external_link,WORD_000435
交通标志与图形 - 辅助牌,segnale di divieto di transito integrato con pannello fascia oraria di tutti i giorni,禁止通行标志，附加每天适用的时间段。,,Figura n. 924: segnale di divieto di transito integrato con pannello fascia oraria di tutti i giorni.,图形 924 表示禁止通行在每天指定时间内有效。,图形编号 s924；来源：WEBpatente definiz.js,https://www.rmastri.it/42/immagini/s924.gif,rmastri.it,https://www.rmastri.it/42/immagini/s924.gif,external image link; needs manual verification before commercial use,unverified_external_link,WORD_000436
交通标志与图形 - 辅助牌,segnale di divieto di transito integrato con pannello fascia oraria dei giorni festivi,禁止通行标志，附加节假日适用的时间段。,,Figura n. 925: segnale di divieto di transito integrato con pannello fascia oraria dei giorni festivi.,图形 925 表示禁止通行在节假日指定时间内有效。,图形编号 s925；来源：WEBpatente definiz.js,https://www.rmastri.it/42/immagini/s925.gif,rmastri.it,https://www.rmastri.it/42/immagini/s925.gif,external image link; needs manual verification before commercial use,unverified_external_link,WORD_000437
交通标志与图形 - 辅助牌,segnale di divieto di transito integrato con pannello di limitazione,禁止通行标志，附加限制条件辅助牌。,,Figura n. 926: segnale di divieto di transito integrato con pannello di limitazione.,图形 926 表示禁止通行另有具体限制条件。,图形编号 s926；来源：WEBpatente definiz.js；需人工校对,https://www.rmastri.it/42/immagini/s926.gif,rmastri.it,https://www.rmastri.it/42/immagini/s926.gif,external image link; needs manual verification before commercial use,unverified_external_link,WORD_000438
交通标志与图形 - 辅助牌,segnale di senso vietato integrato con pannello di eccezione,禁止驶入标志，附例外辅助牌。,,Figura n. 927: segnale di senso vietato integrato con pannello di eccezione.,该组合标志表示一般禁止驶入，但辅助牌说明可能存在例外车辆或情况。,图形编号 s927；来源：WEBpatente definiz.js；需人工校对,https://www.rmastri.it/42/immagini/s927.gif,rmastri.it,https://www.rmastri.it/42/immagini/s927.gif,external image link; needs manual verification before commercial use,unverified_external_link,WORD_000439
交通标志与图形 - 辅助牌,segnale di divieto di transito integrato con pannello fascia oraria dei giorni lavorativi,禁止通行标志，附加工作日适用的时间段。,,Figura n. 928: segnale di divieto di transito integrato con pannello fascia oraria dei giorni lavorativi.,图形 928 表示禁止通行在工作日指定时间内有效。,图形编号 s928；来源：WEBpatente definiz.js,https://www.rmastri.it/42/immagini/s928.gif,rmastri.it,https://www.rmastri.it/42/immagini/s928.gif,external image link; needs manual verification before commercial use,unverified_external_link,WORD_000440
交通标志与图形 - 辅助牌,segnale di senso vietato integrato con pannello di eccezione,禁止驶入标志，附例外辅助牌。,,Figura n. 929: segnale di senso vietato integrato con pannello di eccezione.,该组合标志表示禁止驶入，并通过辅助牌说明例外情况。,图形编号 s929；来源：WEBpatente definiz.js；需人工校对,https://www.rmastri.it/42/immagini/s929.gif,rmastri.it,https://www.rmastri.it/42/immagini/s929.gif,external image link; needs manual verification before commercial use,unverified_external_link,WORD_000441
交通标志与图形 - 辅助牌,segnale di divieto di sorpasso integrato con pannello di continuazione,禁止超车标志，附加连续适用辅助牌。,,Figura n. 930: segnale di divieto di sorpasso integrato con pannello di continuazione.,图形 930 表示禁止超车路段仍在继续。,图形编号 s930；来源：WEBpatente definiz.js,https://www.rmastri.it/42/immagini/s930.gif,rmastri.it,https://www.rmastri.it/42/immagini/s930.gif,external image link; needs manual verification before commercial use,unverified_external_link,WORD_000442
交通标志与图形 - 辅助牌,segnale di divieto di sorpasso integrato con pannello di fine,禁止超车标志，附加结束辅助牌。,,Figura n. 931: segnale di divieto di sorpasso integrato con pannello di fine.,图形 931 表示禁止超车限制到此结束。,图形编号 s931；来源：WEBpatente definiz.js,https://www.rmastri.it/42/immagini/s931.gif,rmastri.it,https://www.rmastri.it/42/immagini/s931.gif,external image link; needs manual verification before commercial use,unverified_external_link,WORD_000443
交通标志与图形 - 辅助牌,segnale di divieto di sorpasso e pannello integrativo continuazione,禁止超车标志和连续适用辅助牌。,,Figura n. 932: segnale di divieto di sorpasso e pannello integrativo continuazione.,图形 932 表示禁止超车规定继续有效。,图形编号 s932；来源：WEBpatente definiz.js,https://www.rmastri.it/42/immagini/s932.gif,rmastri.it,https://www.rmastri.it/42/immagini/s932.gif,external image link; needs manual verification before commercial use,unverified_external_link,WORD_000444
交通标志与图形 - 辅助牌,segnale di limite massimo di velocita’ integrato con pannello di continuazione,最高限速标志，附加连续适用辅助牌。,,Figura n. 933: segnale di limite massimo di velocita’ integrato con pannello di continuazione.,图形 933 表示该最高限速仍然继续有效。,图形编号 s933；来源：WEBpatente definiz.js,https://www.rmastri.it/42/immagini/s933.gif,rmastri.it,https://www.rmastri.it/42/immagini/s933.gif,external image link; needs manual verification before commercial use,unverified_external_link,WORD_000445
交通标志与图形 - 辅助牌,segnale di divieto di segnalazioni acustiche integrato con pannello fascia oraria di tutti i giorni,禁止鸣喇叭标志，附加每天适用的时间段。,,Figura n. 934: segnale di divieto di segnalazioni acustiche integrato con pannello fascia oraria di tutti i giorni.,图形 934 表示每天指定时间内禁止使用喇叭。,图形编号 s934；来源：WEBpatente definiz.js,https://www.rmastri.it/42/immagini/s934.gif,rmastri.it,https://www.rmastri.it/42/immagini/s934.gif,external image link; needs manual verification before commercial use,unverified_external_link,WORD_000446
交通标志与图形 - 辅助牌,segnale di divieto di transito ai motocicli integrato con pannello fascia oraria di tutti i giorni,禁止摩托车通行标志，附加每天适用的时间段。,,Figura n. 935: segnale di divieto di transito ai motocicli integrato con pannello fascia oraria di tutti i giorni.,图形 935 表示摩托车每天在指定时间内禁止通行。,图形编号 s935；来源：WEBpatente definiz.js,https://www.rmastri.it/42/immagini/s935.gif,rmastri.it,https://www.rmastri.it/42/immagini/s935.gif,external image link; needs manual verification before commercial use,unverified_external_link,WORD_000447
交通标志与图形 - 辅助牌,segnale di divieto di transito ai motocicli integrato con pannello fascia oraria dei giorni festivi,禁止摩托车通行标志，附加节假日适用的时间段。,,Figura n. 936: segnale di divieto di transito ai motocicli integrato con pannello fascia oraria dei giorni festivi.,图形 936 表示摩托车在节假日指定时间内禁止通行。,图形编号 s936；来源：WEBpatente definiz.js,https://www.rmastri.it/42/immagini/s936.gif,rmastri.it,https://www.rmastri.it/42/immagini/s936.gif,external image link; needs manual verification before commercial use,unverified_external_link,WORD_000448
交通标志与图形 - 辅助牌,"segnale di divieto di transito ai veicoli per trasporto merci che superano 3,5 t integrato con pannello fascia oraria dei giorni lavorativi",禁止超过3.5吨的货运车辆通行，附工作日时段辅助牌。,,"Figura n. 937: segnale di divieto di transito ai veicoli per trasporto merci che superano 3,5 t integrato con pannello fascia oraria dei giorni lavorativi.",该组合标志表示在辅助牌注明的工作日时段内，超过3.5吨的货运车辆不得通行。,图形编号 s937；来源：WEBpatente definiz.js；需人工校对,https://www.rmastri.it/42/immagini/s937.gif,rmastri.it,https://www.rmastri.it/42/immagini/s937.gif,external image link; needs manual verification before commercial use,unverified_external_link,WORD_000449
交通标志与图形 - 辅助牌,segnale di divieto di sosta integrato con pannello fascia oraria dei giorni festivi,禁止停车标志，附加节假日适用的时间段。,,Figura n. 938: segnale di divieto di sosta integrato con pannello fascia oraria dei giorni festivi.,图形 938 表示节假日指定时间内禁止停车。,图形编号 s938；来源：WEBpatente definiz.js,https://www.rmastri.it/42/immagini/s938.gif,rmastri.it,https://www.rmastri.it/42/immagini/s938.gif,external image link; needs manual verification before commercial use,unverified_external_link,WORD_000450
交通标志与图形 - 辅助牌,segnale di divieto di sosta integrato con pannello di continuazione,禁止停车标志，附加连续适用辅助牌。,,Figura n. 939: segnale di divieto di sosta integrato con pannello di continuazione.,图形 939 表示禁止停车路段仍在继续。,图形编号 s939；来源：WEBpatente definiz.js,https://www.rmastri.it/42/immagini/s939.gif,rmastri.it,https://www.rmastri.it/42/immagini/s939.gif,external image link; needs manual verification before commercial use,unverified_external_link,WORD_000451
交通标志与图形 - 辅助牌,segnale di divieto di sosta integrato con pannello di inizio,禁止停车标志，附加开始辅助牌。,,Figura n. 940: segnale di divieto di sosta integrato con pannello di inizio.,图形 940 表示禁止停车路段从此处开始。,图形编号 s940；来源：WEBpatente definiz.js,https://www.rmastri.it/42/immagini/s940.gif,rmastri.it,https://www.rmastri.it/42/immagini/s940.gif,external image link; needs manual verification before commercial use,unverified_external_link,WORD_000452
交通标志与图形 - 辅助牌,segnale di divieto di sosta integrato con pannello di limitazione,禁止停车标志，附加限制条件辅助牌。,,Figura n. 941: segnale di divieto di sosta integrato con pannello di limitazione.,图形 941 表示禁止停车另有具体限制条件。,图形编号 s941；来源：WEBpatente definiz.js；需人工校对,https://www.rmastri.it/42/immagini/s941.gif,rmastri.it,https://www.rmastri.it/42/immagini/s941.gif,external image link; needs manual verification before commercial use,unverified_external_link,WORD_000453
交通标志与图形 - 辅助牌,segnale di divieto di sosta integrato con pannello zona rimozione coatta,禁止停车标志，附加强制拖车区域辅助牌。,,Figura n. 942: segnale di divieto di sosta integrato con pannello zona rimozione coatta.,图形 942 表示违停车辆可能被强制拖走。,图形编号 s942；来源：WEBpatente definiz.js,https://www.rmastri.it/42/immagini/s942.gif,rmastri.it,https://www.rmastri.it/42/immagini/s942.gif,external image link; needs manual verification before commercial use,unverified_external_link,WORD_000454
交通标志与图形 - 辅助牌,segnale di divieto di sosta integrato con pannello fascia oraria di tutti i giorni,禁止停车标志，附加每天适用的时间段。,,Figura n. 943: segnale di divieto di sosta integrato con pannello fascia oraria di tutti i giorni.,图形 943 表示每天指定时间内禁止停车。,图形编号 s943；来源：WEBpatente definiz.js,https://www.rmastri.it/42/immagini/s943.gif,rmastri.it,https://www.rmastri.it/42/immagini/s943.gif,external image link; needs manual verification before commercial use,unverified_external_link,WORD_000455
交通标志与图形 - 辅助牌,segnale di divieto di sosta integrato con pannello di fine,禁止停车标志，附加结束辅助牌。,,Figura n. 944: segnale di divieto di sosta integrato con pannello di fine.,图形 944 表示禁止停车路段到此结束。,图形编号 s944；来源：WEBpatente definiz.js,https://www.rmastri.it/42/immagini/s944.gif,rmastri.it,https://www.rmastri.it/42/immagini/s944.gif,external image link; needs manual verification before commercial use,unverified_external_link,WORD_000456
交通标志与图形 - 辅助牌,segnale di divieto di sosta integrato con pannello fascia oraria dei giorni feriali,禁止停车标志，附加工作日适用的时间段。,,Figura n. 945: segnale di divieto di sosta integrato con pannello fascia oraria dei giorni feriali.,图形 945 表示工作日指定时间内禁止停车。,图形编号 s945；来源：WEBpatente definiz.js,https://www.rmastri.it/42/immagini/s945.gif,rmastri.it,https://www.rmastri.it/42/immagini/s945.gif,external image link; needs manual verification before commercial use,unverified_external_link,WORD_000457
交通标志与图形 - 辅助牌,segnale di divieto di sosta (a) e pannello integrativo fascia oraria dei giorni festivi (b),禁止停车标志（A）和节假日时段辅助牌（B）,,Figura n. 946: segnale di divieto di sosta (a) e pannello integrativo fascia oraria dei giorni festivi (b).,该图形表示：禁止停车标志（A）和节假日时段辅助牌（B）。,图形编号 s946；来源：WEBpatente definiz.js,https://www.rmastri.it/42/immagini/s946.gif,rmastri.it,https://www.rmastri.it/42/immagini/s946.gif,external image link; needs manual verification before commercial use,unverified_external_link,WORD_000458
交通标志与图形 - 辅助牌,segnale di divieto di sosta (a) e pannello integrativo fascia oraria dei giorni feriali (b),禁止停车标志和工作日时间段辅助牌。,,Figura n. 947: segnale di divieto di sosta (a) e pannello integrativo fascia oraria dei giorni feriali (b).,图形 947 中 A 表示禁止停车，B 表示工作日适用的时间段。,图形编号 s947；来源：WEBpatente definiz.js,https://www.rmastri.it/42/immagini/s947.gif,rmastri.it,https://www.rmastri.it/42/immagini/s947.gif,external image link; needs manual verification before commercial use,unverified_external_link,WORD_000459
交通标志与图形 - 辅助牌,segnale di divieto di sosta (a) e pannello integrativo eccezione (b),禁止停车标志和例外情况辅助牌。,,Figura n. 948: segnale di divieto di sosta (a) e pannello integrativo eccezione (b).,图形 948 中 A 表示禁止停车，B 表示例外情况。,图形编号 s948；来源：WEBpatente definiz.js；需人工校对,https://www.rmastri.it/42/immagini/s948.gif,rmastri.it,https://www.rmastri.it/42/immagini/s948.gif,external image link; needs manual verification before commercial use,unverified_external_link,WORD_000460
交通标志与图形 - 辅助牌,segnale di divieto di sosta (a) e pannello integrativo continuazione (b),禁止停车标志和连续适用辅助牌。,,Figura n. 949: segnale di divieto di sosta (a) e pannello integrativo continuazione (b).,图形 949 中 A 表示禁止停车，B 表示该规定继续有效。,图形编号 s949；来源：WEBpatente definiz.js,https://www.rmastri.it/42/immagini/s949.gif,rmastri.it,https://www.rmastri.it/42/immagini/s949.gif,external image link; needs manual verification before commercial use,unverified_external_link,WORD_000461
交通标志与图形 - 辅助牌,segnale di divieto di sosta (a) e pannello integrativo zona rimozione coatta (b),禁止停车标志（A）和强制拖移区域辅助牌（B）,,Figura n. 950: segnale di divieto di sosta (a) e pannello integrativo zona rimozione coatta (b).,该图形表示：禁止停车标志（A）和强制拖移区域辅助牌（B）。,图形编号 s950；来源：WEBpatente definiz.js,https://www.rmastri.it/42/immagini/s950.gif,rmastri.it,https://www.rmastri.it/42/immagini/s950.gif,external image link; needs manual verification before commercial use,unverified_external_link,WORD_000462
交通标志与图形 - 辅助牌,segnale di divieto di fermata integrato con pannello di continuazione,禁止临时停车标志，附加连续适用辅助牌。,,Figura n. 951: segnale di divieto di fermata integrato con pannello di continuazione.,图形 951 表示禁止临时停车路段仍在继续。,图形编号 s951；来源：WEBpatente definiz.js,https://www.rmastri.it/42/immagini/s951.gif,rmastri.it,https://www.rmastri.it/42/immagini/s951.gif,external image link; needs manual verification before commercial use,unverified_external_link,WORD_000463
交通标志与图形 - 辅助牌,segnale di divieto di fermata integrato con pannello di fine,禁止临时停车标志，附加结束辅助牌。,,Figura n. 952: segnale di divieto di fermata integrato con pannello di fine.,图形 952 表示禁止临时停车路段到此结束。,图形编号 s952；来源：WEBpatente definiz.js,https://www.rmastri.it/42/immagini/s952.gif,rmastri.it,https://www.rmastri.it/42/immagini/s952.gif,external image link; needs manual verification before commercial use,unverified_external_link,WORD_000464
交通标志与图形 - 辅助牌,segnale di divieto di fermata integrato con pannello di inizio,禁止临时停车标志，附加开始辅助牌。,,Figura n. 953: segnale di divieto di fermata integrato con pannello di inizio.,图形 953 表示禁止临时停车路段从此处开始。,图形编号 s953；来源：WEBpatente definiz.js,https://www.rmastri.it/42/immagini/s953.gif,rmastri.it,https://www.rmastri.it/42/immagini/s953.gif,external image link; needs manual verification before commercial use,unverified_external_link,WORD_000465
交通标志与图形 - 辅助牌,segnale di divieto di fermata integrato con pannello di eccezione,禁止临时停车标志，附加例外情况辅助牌。,,Figura n. 954: segnale di divieto di fermata integrato con pannello di eccezione.,图形 954 表示禁止临时停车规定存在例外情况。,图形编号 s954；来源：WEBpatente definiz.js；需人工校对,https://www.rmastri.it/42/immagini/s954.gif,rmastri.it,https://www.rmastri.it/42/immagini/s954.gif,external image link; needs manual verification before commercial use,unverified_external_link,WORD_000466
交通标志与图形 - 辅助牌,segnale di divieto di fermata (a) e pannello integrativo fine (b),禁止临时停车标志（A）和结束辅助牌（B）,,Figura n. 955: segnale di divieto di fermata (a) e pannello integrativo fine (b).,该图形表示：禁止临时停车标志（A）和结束辅助牌（B）。,图形编号 s955；来源：WEBpatente definiz.js,https://www.rmastri.it/42/immagini/s955.gif,rmastri.it,https://www.rmastri.it/42/immagini/s955.gif,external image link; needs manual verification before commercial use,unverified_external_link,WORD_000467
交通标志与图形 - 辅助牌,segnale di parcheggio integrato con pannello di continuazione,停车场标志，附加连续适用辅助牌。,,Figura n. 956: segnale di parcheggio integrato con pannello di continuazione.,图形 956 表示停车区域仍在继续。,图形编号 s956；来源：WEBpatente definiz.js,https://www.rmastri.it/42/immagini/s956.gif,rmastri.it,https://www.rmastri.it/42/immagini/s956.gif,external image link; needs manual verification before commercial use,unverified_external_link,WORD_000468
交通标志与图形 - 辅助牌,segnale di parcheggio integrato con pannello di fine,停车场标志，附加结束辅助牌。,,Figura n. 957: segnale di parcheggio integrato con pannello di fine.,图形 957 表示停车区域到此结束。,图形编号 s957；来源：WEBpatente definiz.js,https://www.rmastri.it/42/immagini/s957.gif,rmastri.it,https://www.rmastri.it/42/immagini/s957.gif,external image link; needs manual verification before commercial use,unverified_external_link,WORD_000469
交通标志与图形 - 辅助牌,segnale di parcheggio integrato con pannello di inizio,停车场标志，附加开始辅助牌。,,Figura n. 958: segnale di parcheggio integrato con pannello di inizio.,图形 958 表示停车区域从此处开始。,图形编号 s958；来源：WEBpatente definiz.js,https://www.rmastri.it/42/immagini/s958.gif,rmastri.it,https://www.rmastri.it/42/immagini/s958.gif,external image link; needs manual verification before commercial use,unverified_external_link,WORD_000470
交通标志与图形 - 辅助牌,segnale di parcheggio integrato con pannello di inizio,停车场标志，附加开始辅助牌。,,Figura n. 959: segnale di parcheggio integrato con pannello di inizio.,图形 959 表示停车区域从此处开始。,图形编号 s959；来源：WEBpatente definiz.js；需人工校对,https://www.rmastri.it/42/immagini/s959.gif,rmastri.it,https://www.rmastri.it/42/immagini/s959.gif,external image link; needs manual verification before commercial use,unverified_external_link,WORD_000471
交通标志与图形 - 辅助牌,segnale di parcheggio integrato con pannello fascia oraria dei giorni festivi,停车场标志，附加节假日适用的时间段。,,Figura n. 960: segnale di parcheggio integrato con pannello fascia oraria dei giorni festivi.,图形 960 表示停车规定在节假日指定时间内适用。,图形编号 s960；来源：WEBpatente definiz.js,https://www.rmastri.it/42/immagini/s960.gif,rmastri.it,https://www.rmastri.it/42/immagini/s960.gif,external image link; needs manual verification before commercial use,unverified_external_link,WORD_000472
交通标志与图形 - 辅助牌,segnale di parcheggio integrato con pannello fascia oraria dei giorni lavorativi,停车场标志，附加工作日适用的时间段。,,Figura n. 961: segnale di parcheggio integrato con pannello fascia oraria dei giorni lavorativi.,图形 961 表示停车规定在工作日指定时间内适用。,图形编号 s961；来源：WEBpatente definiz.js,https://www.rmastri.it/42/immagini/s961.gif,rmastri.it,https://www.rmastri.it/42/immagini/s961.gif,external image link; needs manual verification before commercial use,unverified_external_link,WORD_000473
交通标志与图形 - 辅助牌,segnale di parcheggio integrato con pannello di eccezione,停车场标志，附加例外情况辅助牌。,,Figura n. 962: segnale di parcheggio integrato con pannello di eccezione.,图形 962 表示停车规定存在例外情况。,图形编号 s962；来源：WEBpatente definiz.js；需人工校对,https://www.rmastri.it/42/immagini/s962.gif,rmastri.it,https://www.rmastri.it/42/immagini/s962.gif,external image link; needs manual verification before commercial use,unverified_external_link,WORD_000474
交通标志与图形 - 辅助牌,segnale di percorso pedonale integrato con pannello di inizio,步行路径标志，附加开始辅助牌。,,Figura n. 963: segnale di percorso pedonale integrato con pannello di inizio.,图形 963 表示步行路径从此处开始。,图形编号 s963；来源：WEBpatente definiz.js,https://www.rmastri.it/42/immagini/s963.gif,rmastri.it,https://www.rmastri.it/42/immagini/s963.gif,external image link; needs manual verification before commercial use,unverified_external_link,WORD_000475
交通标志与图形 - 辅助牌,segnale di percorso pedonale integrato con pannello fascia oraria dei giorni festivi,步行路径标志，附加节假日适用的时间段。,,Figura n. 964: segnale di percorso pedonale integrato con pannello fascia oraria dei giorni festivi.,图形 964 表示步行路径规定在节假日指定时间内适用。,图形编号 s964；来源：WEBpatente definiz.js,https://www.rmastri.it/42/immagini/s964.gif,rmastri.it,https://www.rmastri.it/42/immagini/s964.gif,external image link; needs manual verification before commercial use,unverified_external_link,WORD_000476
交通标志与图形 - 辅助牌,segnale di pista ciclabile integrato con pannello fascia oraria dei giorni festivi,自行车道标志，附加节假日适用的时间段。,,Figura n. 965: segnale di pista ciclabile integrato con pannello fascia oraria dei giorni festivi.,图形 965 表示自行车道规定在节假日指定时间内适用。,图形编号 s965；来源：WEBpatente definiz.js,https://www.rmastri.it/42/immagini/s965.gif,rmastri.it,https://www.rmastri.it/42/immagini/s965.gif,external image link; needs manual verification before commercial use,unverified_external_link,WORD_000477
交通标志与图形 - 辅助牌,pannello integrativo fascia oraria di tutti i giorni (a) e segnale di divieto di transito ai pedoni (b),每日时段辅助牌（A）和禁止行人通行标志（B）,,Figura n. 966: pannello integrativo fascia oraria di tutti i giorni (a) e segnale di divieto di transito ai pedoni (b).,该图形表示：每日时段辅助牌（A）和禁止行人通行标志（B）。,图形编号 s966；来源：WEBpatente definiz.js,https://www.rmastri.it/42/immagini/s966.gif,rmastri.it,https://www.rmastri.it/42/immagini/s966.gif,external image link; needs manual verification before commercial use,unverified_external_link,WORD_000478
交通标志与图形 - 辅助牌,segnale di senso vietato integrato con pannello di eccezione,禁止驶入标志，附例外辅助牌。,,Figura n. 967: segnale di senso vietato integrato con pannello di eccezione.,该组合标志表示禁止驶入，并通过辅助牌说明例外情况。,图形编号 s967；来源：WEBpatente definiz.js；需人工校对,https://www.rmastri.it/42/immagini/s967.gif,rmastri.it,https://www.rmastri.it/42/immagini/s967.gif,external image link; needs manual verification before commercial use,unverified_external_link,WORD_000479
交通标志与图形 - 辅助牌,segnale di salita ripida con pendenza del 10% integrato con pannello autocarri in rallentamento,10%陡坡上坡标志，附加货车减速辅助牌。,,Figura n. 968: segnale di salita ripida con pendenza del 10% integrato con pannello autocarri in rallentamento.,图形 968 表示前方为10%陡坡上坡，并提醒货车可能减速。,图形编号 s968；来源：WEBpatente definiz.js；需人工校对,https://www.rmastri.it/42/immagini/s968.gif,rmastri.it,https://www.rmastri.it/42/immagini/s968.gif,external image link; needs manual verification before commercial use,unverified_external_link,WORD_000480
交通标志与图形 - 辅助牌,segnale di fermata scuolabus integrato con pannello fascia oraria di tutti i giorni,校车停靠标志，附加每天适用的时间段。,,Figura n. 969: segnale di fermata scuolabus integrato con pannello fascia oraria di tutti i giorni.,图形 969 表示校车停靠相关规定每天在指定时间段内适用。,图形编号 s969；来源：WEBpatente definiz.js,https://www.rmastri.it/42/immagini/s969.gif,rmastri.it,https://www.rmastri.it/42/immagini/s969.gif,external image link; needs manual verification before commercial use,unverified_external_link,WORD_000481
交通标志与图形 - 辅助牌,segnale di lavori in corso integrato con pannello di fine,道路施工标志，附加结束辅助牌。,,Figura n. 970: segnale di lavori in corso integrato con pannello di fine.,图形 970 表示施工路段或施工警示到此结束。,图形编号 s970；来源：WEBpatente definiz.js,https://www.rmastri.it/42/immagini/s970.gif,rmastri.it,https://www.rmastri.it/42/immagini/s970.gif,external image link; needs manual verification before commercial use,unverified_external_link,WORD_000482
交通标志与图形 - 辅助牌,segnali di rotatoria (a) e di preavviso di circolazione rotatoria (b),环岛标志和环岛通行预告标志。,,Figura n. 971: segnali di rotatoria (a) e di preavviso di circolazione rotatoria (b).,图形 971 中 A 表示环岛标志，B 表示前方环岛通行的预告标志。,图形编号 s971；来源：WEBpatente definiz.js,https://www.rmastri.it/42/immagini/s971.gif,rmastri.it,https://www.rmastri.it/42/immagini/s971.gif,external image link; needs manual verification before commercial use,unverified_external_link,WORD_000483
交通标志与图形 - 辅助牌,segnale di diritto di precedenza (a) e pannello integrativo andamento della strada principale (b),优先通行权标志和主路走向辅助牌。,,Figura n. 972: segnale di diritto di precedenza (a) e pannello integrativo andamento della strada principale (b).,图形 972 中 A 表示享有优先通行权，B 表示主路的走向。,图形编号 s972；来源：WEBpatente definiz.js,https://www.rmastri.it/42/immagini/s972.gif,rmastri.it,https://www.rmastri.it/42/immagini/s972.gif,external image link; needs manual verification before commercial use,unverified_external_link,WORD_000484
